<MudletPackage version="1.0">
  <TriggerPackage>
    <TriggerGroup isActive="yes" isFolder="yes" isTempTrigger="no" isMultiline="no" isPerlSlashGOption="no" isColorizerTrigger="no" isFilterTrigger="no" isSoundTrigger="no" isColorTrigger="no" isColorTriggerFg="no" isColorTriggerBg="no">
      <name>svo People Tracker</name>
      <script/>
      <triggerType>0</triggerType>
      <conditonLineDelta>0</conditonLineDelta>
      <mStayOpen>0</mStayOpen>
      <mCommand/>
      <packageName/>
      <mFgColor>#ff0000</mFgColor>
      <mBgColor>#ffff00</mBgColor>
      <mSoundFile/>
      <colorTriggerFgColor>#000000</colorTriggerFgColor>
      <colorTriggerBgColor>#000000</colorTriggerBgColor>
      <regexCodeList/>
      <regexCodePropertyList/>
      <TriggerGroup isActive="no" isFolder="yes" isTempTrigger="no" isMultiline="no" isPerlSlashGOption="no" isColorizerTrigger="no" isFilterTrigger="no" isSoundTrigger="no" isColorTrigger="no" isColorTriggerFg="no" isColorTriggerBg="no">
        <name>qwho (svo people tracker)</name>
        <script/>
        <triggerType>0</triggerType>
        <conditonLineDelta>0</conditonLineDelta>
        <mStayOpen>0</mStayOpen>
        <mCommand/>
        <packageName/>
        <mFgColor>#ff0000</mFgColor>
        <mBgColor>#ffff00</mBgColor>
        <mSoundFile/>
        <colorTriggerFgColor>#000000</colorTriggerFgColor>
        <colorTriggerBgColor>#000000</colorTriggerBgColor>
        <regexCodeList/>
        <regexCodePropertyList/>
        <Trigger isActive="yes" isFolder="no" isTempTrigger="no" isMultiline="no" isPerlSlashGOption="no" isColorizerTrigger="no" isFilterTrigger="no" isSoundTrigger="no" isColorTrigger="no" isColorTriggerFg="no" isColorTriggerBg="no">
          <name>Auto-more (qwho)</name>
          <script>send("more", false)
svo.deleteLineP()</script>
          <triggerType>0</triggerType>
          <conditonLineDelta>0</conditonLineDelta>
          <mStayOpen>0</mStayOpen>
          <mCommand/>
          <packageName/>
          <mFgColor>#ff0000</mFgColor>
          <mBgColor>#ffff00</mBgColor>
          <mSoundFile/>
          <colorTriggerFgColor>#000000</colorTriggerFgColor>
          <colorTriggerBgColor>#000000</colorTriggerBgColor>
          <regexCodeList>
            <string>[Type MORE if you wish to continue reading</string>
          </regexCodeList>
          <regexCodePropertyList>
            <integer>2</integer>
          </regexCodePropertyList>
        </Trigger>
        <Trigger isActive="yes" isFolder="no" isTempTrigger="no" isMultiline="no" isPerlSlashGOption="no" isColorizerTrigger="no" isFilterTrigger="no" isSoundTrigger="no" isColorTrigger="no" isColorTriggerFg="no" isColorTriggerBg="no">
          <name>Continued more</name>
          <script>deleteLine()</script>
          <triggerType>0</triggerType>
          <conditonLineDelta>0</conditonLineDelta>
          <mStayOpen>0</mStayOpen>
          <mCommand/>
          <packageName/>
          <mFgColor>#ff0000</mFgColor>
          <mBgColor>#ffff00</mBgColor>
          <mSoundFile/>
          <colorTriggerFgColor>#000000</colorTriggerFgColor>
          <colorTriggerBgColor>#000000</colorTriggerBgColor>
          <regexCodeList>
            <string>[File continued via MORE]</string>
          </regexCodeList>
          <regexCodePropertyList>
            <integer>3</integer>
          </regexCodePropertyList>
        </Trigger>
        <Trigger isActive="yes" isFolder="no" isTempTrigger="no" isMultiline="no" isPerlSlashGOption="no" isColorizerTrigger="no" isFilterTrigger="no" isSoundTrigger="no" isColorTrigger="no" isColorTriggerFg="no" isColorTriggerBg="no">
          <name>Stop (people tracker who)</name>
          <script>tempLineTrigger(1,1,[[
  if isPrompt() then
    disableTrigger("qwho (svo people tracker)")
    if svo.qwhoopen then killTimer(svo.qwhoopen) end
    svo.qwhoopen = nil
    tempTimer(0, function() svo.echof("Done checking all of wholist!") svo.buildwhosummary() svo.showprompt() wrapLine(getLineCount()) end)
    raiseEvent("mmapper updated pdb")
  end
]])</script>
          <triggerType>0</triggerType>
          <conditonLineDelta>0</conditonLineDelta>
          <mStayOpen>0</mStayOpen>
          <mCommand/>
          <packageName/>
          <mFgColor>#ff0000</mFgColor>
          <mBgColor>#ffff00</mBgColor>
          <mSoundFile/>
          <colorTriggerFgColor>#000000</colorTriggerFgColor>
          <colorTriggerBgColor>#000000</colorTriggerBgColor>
          <regexCodeList>
            <string>^(\w+) +\((.+)\)$</string>
            <string>^(\w+)$</string>
            <string>^\(Phased\) (\w+) +\((.+)\)$</string>
          </regexCodeList>
          <regexCodePropertyList>
            <integer>1</integer>
            <integer>1</integer>
            <integer>1</integer>
          </regexCodePropertyList>
        </Trigger>
        <Trigger isActive="yes" isFolder="no" isTempTrigger="no" isMultiline="no" isPerlSlashGOption="no" isColorizerTrigger="no" isFilterTrigger="no" isSoundTrigger="no" isColorTrigger="no" isColorTriggerFg="no" isColorTriggerBg="no">
          <name>Gag while checking...</name>
          <script>mmp.pdb[matches[2]] = matches[3]
mmp.pdb_lastupdate[matches[2]] = true

svo.deleteLineP()</script>
          <triggerType>0</triggerType>
          <conditonLineDelta>0</conditonLineDelta>
          <mStayOpen>0</mStayOpen>
          <mCommand/>
          <packageName/>
          <mFgColor>#ff0000</mFgColor>
          <mBgColor>#ffff00</mBgColor>
          <mSoundFile/>
          <colorTriggerFgColor>#000000</colorTriggerFgColor>
          <colorTriggerBgColor>#000000</colorTriggerBgColor>
          <regexCodeList>
            <string>^(\w+) +\((.+)\)$</string>
            <string>^The soul of (\w+) +\((.+)\)$</string>
          </regexCodeList>
          <regexCodePropertyList>
            <integer>1</integer>
            <integer>1</integer>
          </regexCodePropertyList>
        </Trigger>
        <Trigger isActive="yes" isFolder="no" isTempTrigger="no" isMultiline="no" isPerlSlashGOption="no" isColorizerTrigger="no" isFilterTrigger="no" isSoundTrigger="no" isColorTrigger="no" isColorTriggerFg="no" isColorTriggerBg="no">
          <name>Gag no-location &amp; guides</name>
          <script>svo.deleteLineP()</script>
          <triggerType>0</triggerType>
          <conditonLineDelta>0</conditonLineDelta>
          <mStayOpen>0</mStayOpen>
          <mCommand/>
          <packageName/>
          <mFgColor>#ff0000</mFgColor>
          <mBgColor>#ffff00</mBgColor>
          <mSoundFile/>
          <colorTriggerFgColor>#000000</colorTriggerFgColor>
          <colorTriggerBgColor>#000000</colorTriggerBgColor>
          <regexCodeList>
            <string>^\w+$</string>
            <string>Juliet, the Guide</string>
            <string>Romeo, the Guide</string>
            <string>(Praying for Salvation)</string>
            <string>The soul of</string>
          </regexCodeList>
          <regexCodePropertyList>
            <integer>1</integer>
            <integer>2</integer>
            <integer>2</integer>
            <integer>2</integer>
            <integer>2</integer>
          </regexCodePropertyList>
        </Trigger>
        <Trigger isActive="yes" isFolder="no" isTempTrigger="no" isMultiline="yes" isPerlSlashGOption="no" isColorizerTrigger="no" isFilterTrigger="no" isSoundTrigger="no" isColorTrigger="yes" isColorTriggerFg="yes" isColorTriggerBg="yes">
          <name>Gag no-location (gods)</name>
          <script>svo.deleteLineP()</script>
          <triggerType>0</triggerType>
          <conditonLineDelta>0</conditonLineDelta>
          <mStayOpen>0</mStayOpen>
          <mCommand/>
          <packageName/>
          <mFgColor>#ff0000</mFgColor>
          <mBgColor>#ffff00</mBgColor>
          <mSoundFile/>
          <colorTriggerFgColor>#00b300</colorTriggerFgColor>
          <colorTriggerBgColor>#000000</colorTriggerBgColor>
          <regexCodeList>
            <string>FG6BG2</string>
            <string>return not isPrompt()</string>
          </regexCodeList>
          <regexCodePropertyList>
            <integer>6</integer>
            <integer>4</integer>
          </regexCodePropertyList>
        </Trigger>
        <Trigger isActive="yes" isFolder="no" isTempTrigger="no" isMultiline="no" isPerlSlashGOption="no" isColorizerTrigger="no" isFilterTrigger="no" isSoundTrigger="no" isColorTrigger="no" isColorTriggerFg="no" isColorTriggerBg="no">
          <name>Gag phased</name>
          <script>mmp.pdb[matches[2]] = matches[3]
mmp.pdb_lastupdate[matches[2]] = true

svo.deleteLineP()</script>
          <triggerType>0</triggerType>
          <conditonLineDelta>0</conditonLineDelta>
          <mStayOpen>0</mStayOpen>
          <mCommand/>
          <packageName/>
          <mFgColor>#ff0000</mFgColor>
          <mBgColor>#ffff00</mBgColor>
          <mSoundFile/>
          <colorTriggerFgColor>#000000</colorTriggerFgColor>
          <colorTriggerBgColor>#000000</colorTriggerBgColor>
          <regexCodeList>
            <string>^\(Phased\) (\w+) +\((.+)\)$</string>
          </regexCodeList>
          <regexCodePropertyList>
            <integer>1</integer>
          </regexCodePropertyList>
        </Trigger>
      </TriggerGroup>
      <Trigger isActive="yes" isFolder="no" isTempTrigger="no" isMultiline="no" isPerlSlashGOption="no" isColorizerTrigger="no" isFilterTrigger="no" isSoundTrigger="no" isColorTrigger="no" isColorTriggerFg="no" isColorTriggerBg="no">
        <name>KoTH start</name>
        <script>mmp.pdb.Hill = matches[2]
echo(string.rep(" ", 50-#line)) svo.echof("gotop hill")
raiseEvent("mmapper updated pdb")</script>
        <triggerType>0</triggerType>
        <conditonLineDelta>0</conditonLineDelta>
        <mStayOpen>0</mStayOpen>
        <mCommand/>
        <packageName/>
        <mFgColor>#ff0000</mFgColor>
        <mBgColor>#ffff00</mBgColor>
        <mSoundFile/>
        <colorTriggerFgColor>#000000</colorTriggerFgColor>
        <colorTriggerBgColor>#000000</colorTriggerBgColor>
        <regexCodeList>
          <string>^The HILL is at: (.+)!$</string>
          <string>^The HILL has moved! It is now at: (.+)!$</string>
        </regexCodeList>
        <regexCodePropertyList>
          <integer>1</integer>
          <integer>1</integer>
        </regexCodePropertyList>
      </Trigger>
      <Trigger isActive="yes" isFolder="no" isTempTrigger="no" isMultiline="no" isPerlSlashGOption="no" isColorizerTrigger="no" isFilterTrigger="no" isSoundTrigger="no" isColorTrigger="no" isColorTriggerFg="no" isColorTriggerBg="no">
        <name>KoTH</name>
        <script>mmp.pdb_lastupdate = {}</script>
        <triggerType>0</triggerType>
        <conditonLineDelta>0</conditonLineDelta>
        <mStayOpen>2</mStayOpen>
        <mCommand/>
        <packageName/>
        <mFgColor>#ff0000</mFgColor>
        <mBgColor>#ffff00</mBgColor>
        <mSoundFile/>
        <colorTriggerFgColor>#000000</colorTriggerFgColor>
        <colorTriggerBgColor>#000000</colorTriggerBgColor>
        <regexCodeList>
          <string>Current event: King of the Hill</string>
        </regexCodeList>
        <regexCodePropertyList>
          <integer>3</integer>
        </regexCodePropertyList>
        <Trigger isActive="yes" isFolder="no" isTempTrigger="no" isMultiline="no" isPerlSlashGOption="no" isColorizerTrigger="no" isFilterTrigger="no" isSoundTrigger="no" isColorTrigger="no" isColorTriggerFg="no" isColorTriggerBg="no">
          <name>Hill</name>
          <script>mmp.pdb.Hill = matches[2]
echo(string.rep(" ", 60-#line)) svo.echof("gotop hill")
raiseEvent("mmapper updated pdb")</script>
          <triggerType>0</triggerType>
          <conditonLineDelta>0</conditonLineDelta>
          <mStayOpen>0</mStayOpen>
          <mCommand/>
          <packageName/>
          <mFgColor>#ff0000</mFgColor>
          <mBgColor>#ffff00</mBgColor>
          <mSoundFile/>
          <colorTriggerFgColor>#000000</colorTriggerFgColor>
          <colorTriggerBgColor>#000000</colorTriggerBgColor>
          <regexCodeList>
            <string>^The HILL for this game is: (.+)</string>
          </regexCodeList>
          <regexCodePropertyList>
            <integer>1</integer>
          </regexCodePropertyList>
        </Trigger>
        <Trigger isActive="yes" isFolder="no" isTempTrigger="no" isMultiline="no" isPerlSlashGOption="no" isColorizerTrigger="no" isFilterTrigger="no" isSoundTrigger="no" isColorTrigger="no" isColorTriggerFg="no" isColorTriggerBg="no">
          <name>Flag</name>
          <script>mmp.pdb.Flag = matches[2]
echo(string.rep(" ", 60-#line)) svo.echof("gotop flag")
raiseEvent("mmapper updated pdb")</script>
          <triggerType>0</triggerType>
          <conditonLineDelta>0</conditonLineDelta>
          <mStayOpen>0</mStayOpen>
          <mCommand/>
          <packageName/>
          <mFgColor>#ff0000</mFgColor>
          <mBgColor>#ffff00</mBgColor>
          <mSoundFile/>
          <colorTriggerFgColor>#000000</colorTriggerFgColor>
          <colorTriggerBgColor>#000000</colorTriggerBgColor>
          <regexCodeList>
            <string>^Flag Location: (.+?)\.</string>
          </regexCodeList>
          <regexCodePropertyList>
            <integer>1</integer>
          </regexCodePropertyList>
        </Trigger>
      </Trigger>
    </TriggerGroup>
  </TriggerPackage>
  <TimerPackage>
        </TimerPackage>
  <AliasPackage>
    <AliasGroup isActive="yes" isFolder="yes">
      <name>svo People Tracker</name>
      <script/>
      <command/>
      <packageName/>
      <regex/>
      <Alias isActive="yes" isFolder="no">
        <name>(qwho, qwhom, qwhog, qwho&lt;area&gt;) Check wholist</name>
        <script>mmp.pdb, mmp.pdb_lastupdate = {}, {}
enableTrigger("qwho (svo people tracker)")

if not svo.defc.thirdeye then
  if svo.conf.thirdeye then svo.doaction("thirdeye", "misc")
  else svo.doaction("thirdeye", "herb") end
end

sendSocket("who b\n", false)

if svo.qwhoopen then killTimer(svo.qwhoopen) end
svo.qwhoopen = tempTimer(10, [[
  if not svo.qwhoopen then return end

  disableTrigger("qwho (svo people tracker)")
  svo.echof("qwho didn't finish - manually closed it.")
  tempTimer(0, function() svo.buildwhosummary() svo.showprompt() wrapLine(getLineCount()) end)
  raiseEvent("mmapper updated pdb")
  svo.qwhoopen = nil
]])

svo.showqwho = matches[2]
svo.qwhofilter = matches[3]

svo.echof("Checking all of wholist%s%s...", ((svo.showqwho and svo.showqwho ~= "") and (" for "..svo.showqwho) or ''), (svo.qwhofilter and " in "..svo.qwhofilter or ''))</script>
        <command/>
        <packageName/>
        <regex>^qwho(m|g|w)?(?: (.+))?$</regex>
      </Alias>
      <Alias isActive="yes" isFolder="no">
        <name>(gotop) Go to person</name>
        <script>local function goto(whom)
  local p = whom:title()
  if not mmp.pdb[p] then mmp.echo("Sorry - don't know where "..p.." is.") return end

  local nums = mmp.getnums(mmp.pdb[p], true)
  mmp.gotoRoom(nums[1])
  mmp.echo(string.format("Going to %s in %s%s.", p, mmp.cleanAreaName(mmp.areatabler[getRoomArea(nums[1])] or '?'), (#nums ~= 1 and " (non-unique location though)" or "")))
end

if not matches[2] then
  if not target then
    mmp.echo("I don't know what your target is (set the 'target' variable)") return
  else
    goto(target)
  end
else
  goto(matches[2])
end</script>
        <command/>
        <packageName/>
        <regex>^gotop(?: (\w+))?$</regex>
      </Alias>
      <Alias isActive="yes" isFolder="no">
        <name>(ppwith) Report people with person</name>
        <script>if not svo.qwhoareas or not next(svo.qwhoareas) then svo.echof("Check qwho first - we don't have any wholist data.") return end

local person = matches[2]:title()

local function locate(person)
  for area, areadata in pairs(svo.qwhoareas) do
    for room, people in pairs(areadata) do
      for i = 1, #people do
        if people[i]:starts(person) then
          return area, room, people[i]
        end
      end
    end
  end
end

local area, room, fullname = locate(person)

if not area then svo.echof("Don't have %s in the list - perhaps they're gemmed, or check qwho again?", person) return end

local people = svo.qwhoareas[area][room]
table.sort(people)

local function cleanAreaName(area)
  return mmp.cleanAreaName and mmp.cleanAreaName(area) or area
end

if #people == 1 then
  local text = string.format("%s is alone at %s in %s", people[1], room, cleanAreaName(area))
  svo.cc(text)
  svo.echof(text)
else
  local text = string.format("%d %s total with %s at %s in %s - %s", #people, (#people == 1 and 'person' or 'people'), fullname, room, cleanAreaName(area) or '?', svo.concatand(people))
  svo.cc(text)
  svo.echof(text)
end</script>
        <command/>
        <packageName/>
        <regex>^ppwith (\w+)$</regex>
      </Alias>
      <Alias isActive="yes" isFolder="no">
        <name>(ppin) Report people in area</name>
        <script>if not svo.qwhoareas or not next(svo.qwhoareas) then svo.echof("Check qwho first - we don't have any wholist data.") return end

local function cleanAreaName(area)
  return mmp.cleanAreaName and mmp.cleanAreaName(area) or area
end

for area, areadata in pairs(svo.qwhoareas) do
  local people = {}
  if area:lower():find(matches[2]:lower()) then
    for _, room in pairs(areadata) do
      people = table.n_union(people, room)
    end
    table.sort(people)

    svo.cc("%s %s in %s - %s", #people, (#people == 1 and 'person' or 'people'), cleanAreaName(area), svo.concatand(people))
  end
end</script>
        <command/>
        <packageName/>
        <regex>^ppin (.+)$</regex>
      </Alias>
      <Alias isActive="yes" isFolder="no">
        <name>(vshow watchfor) See people on watchfor</name>
        <script>local l = (next(svo.me.watchfor) and svo.oneconcat(svo.me.watchfor) or "(none - use vconfig watchfor &lt;person&gt; to add)")
svo.echof("People on the watchfor list: %s", l)
svo.showprompt()</script>
        <command/>
        <packageName/>
        <regex>^vshow watchfor$</regex>
      </Alias>
    </AliasGroup>
  </AliasPackage>
  <ActionPackage>
        </ActionPackage>
  <ScriptPackage>
    <ScriptGroup isActive="yes" isFolder="yes">
      <name>svo People Tracker</name>
      <packageName/>
      <script>function svo.buildwhosummary()
  local time = createStopWatch(); startStopWatch(time)
  local areas = {}

  local pdb, getnums, getRoomArea, areatabler = mmp.pdb, mmp.getnums, getRoomArea, mmp.areatabler
  for name in pairs(mmp.pdb_lastupdate) do
    local room = pdb[name]
    local roomids = getnums(room, true)

    if not roomids then
      areas["unknown area"] = areas["unknown area"] or {}
      areas["unknown area"][room] = areas["unknown area"][room] or {}
      areas["unknown area"][room][#areas["unknown area"][room]+1] = name
    elseif #roomids == 1 then
      local area = areatabler[getRoomArea(roomids[1])] or "unknown area"
      areas[area] = areas[area] or {}
      areas[area][room] = areas[area][room] or {}
      areas[area][room][#areas[area][room]+1] = name
    else
      local singlearea = mmp.areatabler[getRoomArea(roomids[1])] or '?'

      local inexact
      for i = 1, #roomids do
        if singlearea ~= mmp.areatabler[getRoomArea(roomids[i])] then
          areas["uncertain area"] = areas["uncertain area"] or {}
          areas["uncertain area"][room] = areas["uncertain area"][room] or {}
          areas["uncertain area"][room][#areas["uncertain area"][room]+1] = name
          inexact = true
          break
        end
      end

      if not inexact then
        areas[singlearea] = areas[singlearea] or {}
        areas[singlearea][room] = areas[singlearea][room] or {}
        areas[singlearea][room][#areas[singlearea][room]+1] = name
      end
    end
  end


  local sortedareas = {}
  for area in pairs(areas) do sortedareas[#sortedareas+1] = area end
  table.sort(sortedareas)

  svo.qwhoareas, svo.qwhosortedareas = areas, sortedareas

  if not svo.showqwho then return end
  if svo.qwhofilter then svo.qwhofilter = svo.qwhofilter:lower() end

  if #sortedareas == 0 then svo.echof("Didn't pick anyone up on the who list - it was empty.") return end

  local cecho, sformat, concatand, concatandf = cecho, string.format, svo.concatand, svo.concatandf

  -- wraps the name so people after a &lt;reset&gt; are still white
  local function wrapname(name)
    return "&lt;white&gt;"..ndb.getcolorn(name).."&lt;reset&gt;"
  end

  local function rendergeneral()
    svo.echof("%s ungemmed people are visible:", table.size(mmp.pdb_lastupdate))
    for i = 1, #sortedareas do
      if not svo.qwhofilter or sortedareas[i]:lower():find(svo.qwhofilter, 1, true) then
        cecho(sformat(" &lt;CadetBlue&gt;in %s:\n", sortedareas[i]))
        for room, people in pairs(areas[sortedareas[i]]) do
          table.sort(people)
          cecho(sformat("   in %s: &lt;white&gt;%s &lt;DarkSlateGray&gt;(%d %s)\n", room, concatandf(people, wrapname), #people, (#people == 1 and "person" or "people")))
        end
      end
    end
  end

  local function rendergroups()
    svo.echof("%s ungemmed people are visible, showing groups only:", table.size(mmp.pdb_lastupdate))
    for i = 1, #sortedareas do
      if not svo.qwhofilter or sortedareas[i]:lower():find(svo.qwhofilter, 1, true) then
        local showedarea
        for room, people in pairs(areas[sortedareas[i]]) do
          if #people &gt; 1 then
            if not showedarea then cecho(sformat(" &lt;CadetBlue&gt;in %s:\n", sortedareas[i])) showedarea = true end
            table.sort(people)
            cecho(sformat("   in %s: &lt;white&gt;%s &lt;DarkSlateGray&gt;(%d %s)\n", room, concatandf(people, wrapname), #people, (#people == 1 and "person" or "people")))
          end
        end
      end
    end
  end

  local function renderwatchfor()
    -- make an indexed list
    local watchfor = {}; for name in pairs(svo.me.watchfor) do watchfor[#watchfor+1] = name end

    svo.echof("%s ungemmed people are visible, showing watchfor names only:", table.size(mmp.pdb_lastupdate))
    for i = 1, #sortedareas do
      if not svo.qwhofilter or sortedareas[i]:lower():find(svo.qwhofilter, 1, true) then
        local showedarea
        for room, people in pairs(areas[sortedareas[i]]) do
          local intersection = table.n_intersection(watchfor, people)
          if #intersection &gt; 0 then
            if not showedarea then cecho(sformat(" &lt;CadetBlue&gt;in %s:\n", sortedareas[i])) showedarea = true end
            table.sort(people)
            cecho(sformat("   in %s: &lt;white&gt;%s &lt;DarkSlateGray&gt;(%d %s)\n", room, concatandf(people, wrapname), #people, (#people == 1 and "person" or "people")))
          end
        end
      end
    end
  end

  if svo.showqwho == 'g' then
    rendergroups()
  elseif svo.showqwho == 'w' then
    if not svo.me.watchfor or not next(svo.me.watchfor) then svo.echof("You don't have anyone on the watchfor list - do vconfig watchfor &lt;person&gt; to add someone first.") return
    else renderwatchfor() end
  else
    rendergeneral()
  end

  svo.showqwho = nil
  if svo.conf.debug and not s then display(m) end
  if svo.conf.perf then svo.echof("qwho rendered in %ss", stopStopWatch(time)) end
end</script>
      <eventHandlerList/>
      <Script isActive="yes" isFolder="no">
        <name>svo.add_peopletracker_config</name>
        <packageName/>
        <script>function svo.add_peopletracker_config()
  svo.me.watchfor = svo.me.watchfor or {}

  svo.config.setoption("watchfor", {
    type = "string",
    check = function(what)
      if what:find("^%w+$") then return true end
    end,
    onset = function ()
      local name = string.title(svo.conf.watchfor)
      -- we want nil, not false so 'or' doesn't help
      if svo.me.watchfor[name] then svo.me.watchfor[name] = nil else svo.me.watchfor[name] = true end

      if svo.me.watchfor[name] then
        svo.echof("Added &lt;0,255,0&gt;%s%s to the watchfor list - use qwhow to see them.", name, svo.getDefaultColor())
      else
		svo.echof("Removed %s from the watchfor list.", name)
      end
      raiseEvent("svo watchfor name changed", name)
    end
  })
end</script>
        <eventHandlerList>
          <string>svo system loaded</string>
        </eventHandlerList>
      </Script>
    </ScriptGroup>
  </ScriptPackage>
  <KeyPackage>
        </KeyPackage>
</MudletPackage>
