<MudletPackage version="1.0">
  <TriggerPackage>
    <TriggerGroup isActive="yes" isFolder="yes" isTempTrigger="no" isMultiline="no" isPerlSlashGOption="no" isColorizerTrigger="no" isFilterTrigger="no" isSoundTrigger="no" isColorTrigger="no" isColorTriggerFg="no" isColorTriggerBg="no">
      <name>svo Priest Healing</name>
      <script/>
      <triggerType>0</triggerType>
      <conditonLineDelta>0</conditonLineDelta>
      <mStayOpen>0</mStayOpen>
      <mCommand/>
      <packageName/>
      <mFgColor>#ff0000</mFgColor>
      <mBgColor>#ffff00</mBgColor>
      <mSoundFile/>
      <colorTriggerFgColor>#000000</colorTriggerFgColor>
      <colorTriggerBgColor>#000000</colorTriggerBgColor>
      <regexCodeList/>
      <regexCodePropertyList/>
      <Trigger isActive="no" isFolder="no" isTempTrigger="no" isMultiline="yes" isPerlSlashGOption="no" isColorizerTrigger="no" isFilterTrigger="no" isSoundTrigger="no" isColorTrigger="no" isColorTriggerFg="no" isColorTriggerBg="no">
        <name>Diagnose another</name>
        <script>if not svo.diagnosing or not svo.diagnosing[multimatches[1][2]] then
  echo(" (i)")
  setTriggerStayOpen("Diagnose another", 0)
  return
end

svo.currently_diagnosing = { name = multimatches[1][2], affs = {} }

moveCursor(0, getLineNumber()-1)
moveCursor(#getCurrentLine(), getLineNumber())
insertText(" (will be healing "..svo.currently_diagnosing.name..")")

svo.prompttrigger("svo heal another", svo.healothersaff)
</script>
        <triggerType>0</triggerType>
        <conditonLineDelta>1</conditonLineDelta>
        <mStayOpen>250</mStayOpen>
        <mCommand/>
        <packageName/>
        <mFgColor>#ff0000</mFgColor>
        <mBgColor>#ffff00</mBgColor>
        <mSoundFile/>
        <colorTriggerFgColor>#000000</colorTriggerFgColor>
        <colorTriggerBgColor>#000000</colorTriggerBgColor>
        <regexCodeList>
          <string>^(\w+) is:$</string>
          <string>1</string>
        </regexCodeList>
        <regexCodePropertyList>
          <integer>1</integer>
          <integer>5</integer>
        </regexCodePropertyList>
        <Trigger isActive="yes" isFolder="no" isTempTrigger="no" isMultiline="no" isPerlSlashGOption="no" isColorizerTrigger="no" isFilterTrigger="no" isSoundTrigger="no" isColorTrigger="no" isColorTriggerFg="no" isColorTriggerBg="no">
          <name>paralysis</name>
          <script>svo.ph_diag("paralysis")</script>
          <triggerType>0</triggerType>
          <conditonLineDelta>85</conditonLineDelta>
          <mStayOpen>0</mStayOpen>
          <mCommand/>
          <packageName/>
          <mFgColor>#ff0000</mFgColor>
          <mBgColor>#ffff00</mBgColor>
          <mSoundFile/>
          <colorTriggerFgColor>#000000</colorTriggerFgColor>
          <colorTriggerBgColor>#000000</colorTriggerBgColor>
          <regexCodeList>
            <string>paralysed.</string>
          </regexCodeList>
          <regexCodePropertyList>
            <integer>3</integer>
          </regexCodePropertyList>
        </Trigger>
        <Trigger isActive="yes" isFolder="no" isTempTrigger="no" isMultiline="no" isPerlSlashGOption="no" isColorizerTrigger="no" isFilterTrigger="no" isSoundTrigger="no" isColorTrigger="no" isColorTriggerFg="no" isColorTriggerBg="no">
          <name>roped</name>
          <script>svo.ph_diag("roped")</script>
          <triggerType>0</triggerType>
          <conditonLineDelta>1</conditonLineDelta>
          <mStayOpen>0</mStayOpen>
          <mCommand/>
          <packageName/>
          <mFgColor>#f6f6f6</mFgColor>
          <mBgColor>#f6f6f6</mBgColor>
          <mSoundFile/>
          <colorTriggerFgColor>#000000</colorTriggerFgColor>
          <colorTriggerBgColor>#000000</colorTriggerBgColor>
          <regexCodeList>
            <string>entangled in ropes.</string>
          </regexCodeList>
          <regexCodePropertyList>
            <integer>3</integer>
          </regexCodePropertyList>
        </Trigger>
        <Trigger isActive="yes" isFolder="no" isTempTrigger="no" isMultiline="no" isPerlSlashGOption="no" isColorizerTrigger="no" isFilterTrigger="no" isSoundTrigger="no" isColorTrigger="no" isColorTriggerFg="no" isColorTriggerBg="no">
          <name>inlove</name>
          <script>svo.ph_diag("inlove")</script>
          <triggerType>0</triggerType>
          <conditonLineDelta>99</conditonLineDelta>
          <mStayOpen>0</mStayOpen>
          <mCommand/>
          <packageName/>
          <mFgColor>#ff0000</mFgColor>
          <mBgColor>#ffff00</mBgColor>
          <mSoundFile/>
          <colorTriggerFgColor>#000000</colorTriggerFgColor>
          <colorTriggerBgColor>#000000</colorTriggerBgColor>
          <regexCodeList>
            <string>Desperately in love with</string>
          </regexCodeList>
          <regexCodePropertyList>
            <integer>2</integer>
          </regexCodePropertyList>
        </Trigger>
        <Trigger isActive="yes" isFolder="no" isTempTrigger="no" isMultiline="no" isPerlSlashGOption="no" isColorizerTrigger="no" isFilterTrigger="no" isSoundTrigger="no" isColorTrigger="no" isColorTriggerFg="no" isColorTriggerBg="no">
          <name>hypochondria</name>
          <script>svo.ph_diag("hypochondria")</script>
          <triggerType>0</triggerType>
          <conditonLineDelta>0</conditonLineDelta>
          <mStayOpen>0</mStayOpen>
          <mCommand/>
          <packageName/>
          <mFgColor>#ff0000</mFgColor>
          <mBgColor>#ffff00</mBgColor>
          <mSoundFile/>
          <colorTriggerFgColor>#000000</colorTriggerFgColor>
          <colorTriggerBgColor>#000000</colorTriggerBgColor>
          <regexCodeList>
            <string>a certified hypochondriac.</string>
          </regexCodeList>
          <regexCodePropertyList>
            <integer>3</integer>
          </regexCodePropertyList>
        </Trigger>
        <Trigger isActive="yes" isFolder="no" isTempTrigger="no" isMultiline="no" isPerlSlashGOption="no" isColorizerTrigger="no" isFilterTrigger="no" isSoundTrigger="no" isColorTrigger="no" isColorTriggerFg="no" isColorTriggerBg="no">
          <name>impale</name>
          <script>svo.ph_diag("impale")</script>
          <triggerType>0</triggerType>
          <conditonLineDelta>0</conditonLineDelta>
          <mStayOpen>0</mStayOpen>
          <mCommand/>
          <packageName/>
          <mFgColor>#ff0000</mFgColor>
          <mBgColor>#ffff00</mBgColor>
          <mSoundFile/>
          <colorTriggerFgColor>#000000</colorTriggerFgColor>
          <colorTriggerBgColor>#000000</colorTriggerBgColor>
          <regexCodeList>
            <string>impaled upon a blade.</string>
          </regexCodeList>
          <regexCodePropertyList>
            <integer>3</integer>
          </regexCodePropertyList>
        </Trigger>
        <Trigger isActive="yes" isFolder="no" isTempTrigger="no" isMultiline="no" isPerlSlashGOption="no" isColorizerTrigger="no" isFilterTrigger="no" isSoundTrigger="no" isColorTrigger="no" isColorTriggerFg="no" isColorTriggerBg="no">
          <name>inquisition</name>
          <script>svo.ph_diag("inquisition")</script>
          <triggerType>0</triggerType>
          <conditonLineDelta>0</conditonLineDelta>
          <mStayOpen>0</mStayOpen>
          <mCommand/>
          <packageName/>
          <mFgColor>#ff0000</mFgColor>
          <mBgColor>#ffff00</mBgColor>
          <mSoundFile/>
          <colorTriggerFgColor>#000000</colorTriggerFgColor>
          <colorTriggerBgColor>#000000</colorTriggerBgColor>
          <regexCodeList>
            <string>suffering under holy inquisition.</string>
          </regexCodeList>
          <regexCodePropertyList>
            <integer>3</integer>
          </regexCodePropertyList>
        </Trigger>
        <Trigger isActive="yes" isFolder="no" isTempTrigger="no" isMultiline="no" isPerlSlashGOption="no" isColorizerTrigger="no" isFilterTrigger="no" isSoundTrigger="no" isColorTrigger="no" isColorTriggerFg="no" isColorTriggerBg="no">
          <name>voided</name>
          <script>svo.ph_diag("voided")</script>
          <triggerType>0</triggerType>
          <conditonLineDelta>85</conditonLineDelta>
          <mStayOpen>0</mStayOpen>
          <mCommand/>
          <packageName/>
          <mFgColor>#ff0000</mFgColor>
          <mBgColor>#ffff00</mBgColor>
          <mSoundFile/>
          <colorTriggerFgColor>#000000</colorTriggerFgColor>
          <colorTriggerBgColor>#000000</colorTriggerBgColor>
          <regexCodeList>
            <string>has a been suffused with the void.</string>
          </regexCodeList>
          <regexCodePropertyList>
            <integer>3</integer>
          </regexCodePropertyList>
        </Trigger>
        <Trigger isActive="yes" isFolder="no" isTempTrigger="no" isMultiline="no" isPerlSlashGOption="no" isColorizerTrigger="no" isFilterTrigger="no" isSoundTrigger="no" isColorTrigger="no" isColorTriggerFg="no" isColorTriggerBg="no">
          <name>icing</name>
          <script>svo.ph_diag("icing")</script>
          <triggerType>0</triggerType>
          <conditonLineDelta>0</conditonLineDelta>
          <mStayOpen>0</mStayOpen>
          <mCommand/>
          <packageName/>
          <mFgColor>#ff0000</mFgColor>
          <mBgColor>#ffff00</mBgColor>
          <mSoundFile/>
          <colorTriggerFgColor>#000000</colorTriggerFgColor>
          <colorTriggerBgColor>#000000</colorTriggerBgColor>
          <regexCodeList>
            <string>covered in a rime of frost.</string>
          </regexCodeList>
          <regexCodePropertyList>
            <integer>3</integer>
          </regexCodePropertyList>
        </Trigger>
        <Trigger isActive="yes" isFolder="no" isTempTrigger="no" isMultiline="no" isPerlSlashGOption="no" isColorizerTrigger="no" isFilterTrigger="no" isSoundTrigger="no" isColorTrigger="no" isColorTriggerFg="no" isColorTriggerBg="no">
          <name>burning</name>
          <script>svo.ph_diag("burning")</script>
          <triggerType>0</triggerType>
          <conditonLineDelta>0</conditonLineDelta>
          <mStayOpen>0</mStayOpen>
          <mCommand/>
          <packageName/>
          <mFgColor>#ff0000</mFgColor>
          <mBgColor>#ffff00</mBgColor>
          <mSoundFile/>
          <colorTriggerFgColor>#000000</colorTriggerFgColor>
          <colorTriggerBgColor>#000000</colorTriggerBgColor>
          <regexCodeList>
            <string>suffused with an aura of fire.</string>
          </regexCodeList>
          <regexCodePropertyList>
            <integer>3</integer>
          </regexCodePropertyList>
        </Trigger>
        <Trigger isActive="yes" isFolder="no" isTempTrigger="no" isMultiline="no" isPerlSlashGOption="no" isColorizerTrigger="no" isFilterTrigger="no" isSoundTrigger="no" isColorTrigger="no" isColorTriggerFg="no" isColorTriggerBg="no">
          <name>galed</name>
          <script>svo.ph_diag("galed")</script>
          <triggerType>0</triggerType>
          <conditonLineDelta>0</conditonLineDelta>
          <mStayOpen>0</mStayOpen>
          <mCommand/>
          <packageName/>
          <mFgColor>#ff0000</mFgColor>
          <mBgColor>#ffff00</mBgColor>
          <mSoundFile/>
          <colorTriggerFgColor>#000000</colorTriggerFgColor>
          <colorTriggerBgColor>#000000</colorTriggerBgColor>
          <regexCodeList>
            <string>being plagued by a blustering gale.</string>
          </regexCodeList>
          <regexCodePropertyList>
            <integer>3</integer>
          </regexCodePropertyList>
        </Trigger>
        <Trigger isActive="yes" isFolder="no" isTempTrigger="no" isMultiline="no" isPerlSlashGOption="no" isColorizerTrigger="no" isFilterTrigger="no" isSoundTrigger="no" isColorTrigger="no" isColorTriggerFg="no" isColorTriggerBg="no">
          <name>hamstring</name>
          <script>svo.ph_diag("hamstring")</script>
          <triggerType>0</triggerType>
          <conditonLineDelta>0</conditonLineDelta>
          <mStayOpen>0</mStayOpen>
          <mCommand/>
          <packageName/>
          <mFgColor>#ff0000</mFgColor>
          <mBgColor>#ffff00</mBgColor>
          <mSoundFile/>
          <colorTriggerFgColor>#000000</colorTriggerFgColor>
          <colorTriggerBgColor>#000000</colorTriggerBgColor>
          <regexCodeList>
            <string>suffering from a crippled hamstring.</string>
          </regexCodeList>
          <regexCodePropertyList>
            <integer>3</integer>
          </regexCodePropertyList>
        </Trigger>
        <Trigger isActive="yes" isFolder="no" isTempTrigger="no" isMultiline="no" isPerlSlashGOption="no" isColorizerTrigger="no" isFilterTrigger="no" isSoundTrigger="no" isColorTrigger="no" isColorTriggerFg="no" isColorTriggerBg="no">
          <name>heartseed</name>
          <script>svo.ph_diag("heartseed")</script>
          <triggerType>0</triggerType>
          <conditonLineDelta>85</conditonLineDelta>
          <mStayOpen>0</mStayOpen>
          <mCommand/>
          <packageName/>
          <mFgColor>#ff0000</mFgColor>
          <mBgColor>#ffff00</mBgColor>
          <mSoundFile/>
          <colorTriggerFgColor>#000000</colorTriggerFgColor>
          <colorTriggerBgColor>#000000</colorTriggerBgColor>
          <regexCodeList>
            <string>plagued by the rapid growth of a heartseed.</string>
          </regexCodeList>
          <regexCodePropertyList>
            <integer>3</integer>
          </regexCodePropertyList>
        </Trigger>
        <Trigger isActive="yes" isFolder="no" isTempTrigger="no" isMultiline="no" isPerlSlashGOption="no" isColorizerTrigger="no" isFilterTrigger="no" isSoundTrigger="no" isColorTrigger="no" isColorTriggerFg="no" isColorTriggerBg="no">
          <name>slashedthroat</name>
          <script>svo.ph_diag("slashedthroat")</script>
          <triggerType>0</triggerType>
          <conditonLineDelta>0</conditonLineDelta>
          <mStayOpen>0</mStayOpen>
          <mCommand/>
          <packageName/>
          <mFgColor>#ff0000</mFgColor>
          <mBgColor>#ffff00</mBgColor>
          <mSoundFile/>
          <colorTriggerFgColor>#000000</colorTriggerFgColor>
          <colorTriggerBgColor>#000000</colorTriggerBgColor>
          <regexCodeList>
            <string>bleeding from a slashed throat.</string>
          </regexCodeList>
          <regexCodePropertyList>
            <integer>3</integer>
          </regexCodePropertyList>
        </Trigger>
        <Trigger isActive="yes" isFolder="no" isTempTrigger="no" isMultiline="no" isPerlSlashGOption="no" isColorizerTrigger="no" isFilterTrigger="no" isSoundTrigger="no" isColorTrigger="no" isColorTriggerFg="no" isColorTriggerBg="no">
          <name>laceratedthroat</name>
          <script>svo.ph_diag("laceratedthroat")</script>
          <triggerType>0</triggerType>
          <conditonLineDelta>85</conditonLineDelta>
          <mStayOpen>0</mStayOpen>
          <mCommand/>
          <packageName/>
          <mFgColor>#ff0000</mFgColor>
          <mBgColor>#ffff00</mBgColor>
          <mSoundFile/>
          <colorTriggerFgColor>#000000</colorTriggerFgColor>
          <colorTriggerBgColor>#000000</colorTriggerBgColor>
          <regexCodeList>
            <string>bleeding profusely from a lacerated throat.</string>
          </regexCodeList>
          <regexCodePropertyList>
            <integer>3</integer>
          </regexCodePropertyList>
        </Trigger>
        <Trigger isActive="yes" isFolder="no" isTempTrigger="no" isMultiline="no" isPerlSlashGOption="no" isColorizerTrigger="no" isFilterTrigger="no" isSoundTrigger="no" isColorTrigger="no" isColorTriggerFg="no" isColorTriggerBg="no">
          <name>selarnia</name>
          <script>svo.ph_diag("selarnia")</script>
          <triggerType>0</triggerType>
          <conditonLineDelta>0</conditonLineDelta>
          <mStayOpen>0</mStayOpen>
          <mCommand/>
          <packageName/>
          <mFgColor>#ff0000</mFgColor>
          <mBgColor>#ffff00</mBgColor>
          <mSoundFile/>
          <colorTriggerFgColor>#000000</colorTriggerFgColor>
          <colorTriggerBgColor>#000000</colorTriggerBgColor>
          <regexCodeList>
            <string>losing the bond with the animal spirits.</string>
          </regexCodeList>
          <regexCodePropertyList>
            <integer>3</integer>
          </regexCodePropertyList>
        </Trigger>
        <Trigger isActive="yes" isFolder="no" isTempTrigger="no" isMultiline="no" isPerlSlashGOption="no" isColorizerTrigger="no" isFilterTrigger="no" isSoundTrigger="no" isColorTrigger="no" isColorTriggerFg="no" isColorTriggerBg="no">
          <name>itching</name>
          <script>svo.ph_diag("itching")</script>
          <triggerType>0</triggerType>
          <conditonLineDelta>85</conditonLineDelta>
          <mStayOpen>0</mStayOpen>
          <mCommand/>
          <packageName/>
          <mFgColor>#ff0000</mFgColor>
          <mBgColor>#ffff00</mBgColor>
          <mSoundFile/>
          <colorTriggerFgColor>#000000</colorTriggerFgColor>
          <colorTriggerBgColor>#000000</colorTriggerBgColor>
          <regexCodeList>
            <string>afflicted with terrible itching.</string>
          </regexCodeList>
          <regexCodePropertyList>
            <integer>3</integer>
          </regexCodePropertyList>
        </Trigger>
        <Trigger isActive="yes" isFolder="no" isTempTrigger="no" isMultiline="no" isPerlSlashGOption="no" isColorizerTrigger="no" isFilterTrigger="no" isSoundTrigger="no" isColorTrigger="no" isColorTriggerFg="no" isColorTriggerBg="no">
          <name>stuttering</name>
          <script>svo.ph_diag("stuttering")</script>
          <triggerType>0</triggerType>
          <conditonLineDelta>0</conditonLineDelta>
          <mStayOpen>0</mStayOpen>
          <mCommand/>
          <packageName/>
          <mFgColor>#ff0000</mFgColor>
          <mBgColor>#ffff00</mBgColor>
          <mSoundFile/>
          <colorTriggerFgColor>#000000</colorTriggerFgColor>
          <colorTriggerBgColor>#000000</colorTriggerBgColor>
          <regexCodeList>
            <string>a stuttering fool.</string>
          </regexCodeList>
          <regexCodePropertyList>
            <integer>3</integer>
          </regexCodePropertyList>
        </Trigger>
        <Trigger isActive="yes" isFolder="no" isTempTrigger="no" isMultiline="no" isPerlSlashGOption="no" isColorizerTrigger="no" isFilterTrigger="no" isSoundTrigger="no" isColorTrigger="no" isColorTriggerFg="no" isColorTriggerBg="no">
          <name>healthleech</name>
          <script>svo.ph_diag("healthleech")</script>
          <triggerType>0</triggerType>
          <conditonLineDelta>0</conditonLineDelta>
          <mStayOpen>0</mStayOpen>
          <mCommand/>
          <packageName/>
          <mFgColor>#ff0000</mFgColor>
          <mBgColor>#ffff00</mBgColor>
          <mSoundFile/>
          <colorTriggerFgColor>#000000</colorTriggerFgColor>
          <colorTriggerBgColor>#000000</colorTriggerBgColor>
          <regexCodeList>
            <string>a victim of healthleech.</string>
          </regexCodeList>
          <regexCodePropertyList>
            <integer>3</integer>
          </regexCodePropertyList>
        </Trigger>
        <Trigger isActive="yes" isFolder="no" isTempTrigger="no" isMultiline="no" isPerlSlashGOption="no" isColorizerTrigger="no" isFilterTrigger="no" isSoundTrigger="no" isColorTrigger="no" isColorTriggerFg="no" isColorTriggerBg="no">
          <name>manaleech</name>
          <script>svo.ph_diag("manaleech")</script>
          <triggerType>0</triggerType>
          <conditonLineDelta>0</conditonLineDelta>
          <mStayOpen>0</mStayOpen>
          <mCommand/>
          <packageName/>
          <mFgColor>#ff0000</mFgColor>
          <mBgColor>#ffff00</mBgColor>
          <mSoundFile/>
          <colorTriggerFgColor>#000000</colorTriggerFgColor>
          <colorTriggerBgColor>#000000</colorTriggerBgColor>
          <regexCodeList>
            <string>a victim of manaleech.</string>
          </regexCodeList>
          <regexCodePropertyList>
            <integer>3</integer>
          </regexCodePropertyList>
        </Trigger>
        <Trigger isActive="yes" isFolder="no" isTempTrigger="no" isMultiline="no" isPerlSlashGOption="no" isColorizerTrigger="no" isFilterTrigger="no" isSoundTrigger="no" isColorTrigger="no" isColorTriggerFg="no" isColorTriggerBg="no">
          <name>ablaze</name>
          <script>svo.ph_diag("ablaze")</script>
          <triggerType>0</triggerType>
          <conditonLineDelta>85</conditonLineDelta>
          <mStayOpen>0</mStayOpen>
          <mCommand/>
          <packageName/>
          <mFgColor>#ff0000</mFgColor>
          <mBgColor>#ffff00</mBgColor>
          <mSoundFile/>
          <colorTriggerFgColor>#000000</colorTriggerFgColor>
          <colorTriggerBgColor>#000000</colorTriggerBgColor>
          <regexCodeList>
            <string>ablaze.</string>
          </regexCodeList>
          <regexCodePropertyList>
            <integer>3</integer>
          </regexCodePropertyList>
        </Trigger>
        <Trigger isActive="yes" isFolder="no" isTempTrigger="no" isMultiline="no" isPerlSlashGOption="no" isColorizerTrigger="no" isFilterTrigger="no" isSoundTrigger="no" isColorTrigger="no" isColorTriggerFg="no" isColorTriggerBg="no">
          <name>addiction</name>
          <script>svo.ph_diag("addiction")</script>
          <triggerType>0</triggerType>
          <conditonLineDelta>0</conditonLineDelta>
          <mStayOpen>0</mStayOpen>
          <mCommand/>
          <packageName/>
          <mFgColor>#ff0000</mFgColor>
          <mBgColor>#ffff00</mBgColor>
          <mSoundFile/>
          <colorTriggerFgColor>#000000</colorTriggerFgColor>
          <colorTriggerBgColor>#000000</colorTriggerBgColor>
          <regexCodeList>
            <string>addicted to elixirs.</string>
          </regexCodeList>
          <regexCodePropertyList>
            <integer>3</integer>
          </regexCodePropertyList>
        </Trigger>
        <Trigger isActive="yes" isFolder="no" isTempTrigger="no" isMultiline="no" isPerlSlashGOption="no" isColorizerTrigger="no" isFilterTrigger="no" isSoundTrigger="no" isColorTrigger="no" isColorTriggerFg="no" isColorTriggerBg="no">
          <name>crippledrightarm</name>
          <script>svo.ph_diag("crippledrightarm")</script>
          <triggerType>0</triggerType>
          <conditonLineDelta>0</conditonLineDelta>
          <mStayOpen>0</mStayOpen>
          <mCommand/>
          <packageName/>
          <mFgColor>#ff0000</mFgColor>
          <mBgColor>#ffff00</mBgColor>
          <mSoundFile/>
          <colorTriggerFgColor>#000000</colorTriggerFgColor>
          <colorTriggerBgColor>#000000</colorTriggerBgColor>
          <regexCodeList>
            <string>afflicted by a crippled right arm.</string>
            <string>afflicted by a broken right arm.</string>
          </regexCodeList>
          <regexCodePropertyList>
            <integer>3</integer>
            <integer>3</integer>
          </regexCodePropertyList>
        </Trigger>
        <Trigger isActive="yes" isFolder="no" isTempTrigger="no" isMultiline="no" isPerlSlashGOption="no" isColorizerTrigger="no" isFilterTrigger="no" isSoundTrigger="no" isColorTrigger="no" isColorTriggerFg="no" isColorTriggerBg="no">
          <name>crippledleftarm</name>
          <script>svo.ph_diag("crippledleftarm")</script>
          <triggerType>0</triggerType>
          <conditonLineDelta>85</conditonLineDelta>
          <mStayOpen>0</mStayOpen>
          <mCommand/>
          <packageName/>
          <mFgColor>#ff0000</mFgColor>
          <mBgColor>#ffff00</mBgColor>
          <mSoundFile/>
          <colorTriggerFgColor>#000000</colorTriggerFgColor>
          <colorTriggerBgColor>#000000</colorTriggerBgColor>
          <regexCodeList>
            <string>afflicted by a crippled left arm.</string>
            <string>afflicted by a broken left arm.</string>
          </regexCodeList>
          <regexCodePropertyList>
            <integer>3</integer>
            <integer>3</integer>
          </regexCodePropertyList>
        </Trigger>
        <Trigger isActive="yes" isFolder="no" isTempTrigger="no" isMultiline="no" isPerlSlashGOption="no" isColorizerTrigger="no" isFilterTrigger="no" isSoundTrigger="no" isColorTrigger="no" isColorTriggerFg="no" isColorTriggerBg="no">
          <name>crippledrightleg</name>
          <script>svo.ph_diag("crippledrightleg")</script>
          <triggerType>0</triggerType>
          <conditonLineDelta>0</conditonLineDelta>
          <mStayOpen>0</mStayOpen>
          <mCommand/>
          <packageName/>
          <mFgColor>#ff0000</mFgColor>
          <mBgColor>#ffff00</mBgColor>
          <mSoundFile/>
          <colorTriggerFgColor>#000000</colorTriggerFgColor>
          <colorTriggerBgColor>#000000</colorTriggerBgColor>
          <regexCodeList>
            <string>afflicted by a crippled right leg.</string>
            <string>afflicted by a broken right leg.</string>
          </regexCodeList>
          <regexCodePropertyList>
            <integer>3</integer>
            <integer>3</integer>
          </regexCodePropertyList>
        </Trigger>
        <Trigger isActive="yes" isFolder="no" isTempTrigger="no" isMultiline="no" isPerlSlashGOption="no" isColorizerTrigger="no" isFilterTrigger="no" isSoundTrigger="no" isColorTrigger="no" isColorTriggerFg="no" isColorTriggerBg="no">
          <name>crippledleftleg</name>
          <script>svo.ph_diag("crippledleftleg")</script>
          <triggerType>0</triggerType>
          <conditonLineDelta>85</conditonLineDelta>
          <mStayOpen>0</mStayOpen>
          <mCommand/>
          <packageName/>
          <mFgColor>#ff0000</mFgColor>
          <mBgColor>#ffff00</mBgColor>
          <mSoundFile/>
          <colorTriggerFgColor>#000000</colorTriggerFgColor>
          <colorTriggerBgColor>#000000</colorTriggerBgColor>
          <regexCodeList>
            <string>afflicted by a crippled left leg.</string>
            <string>afflicted by a broken left leg.</string>
          </regexCodeList>
          <regexCodePropertyList>
            <integer>3</integer>
            <integer>3</integer>
          </regexCodePropertyList>
        </Trigger>
        <Trigger isActive="yes" isFolder="no" isTempTrigger="no" isMultiline="no" isPerlSlashGOption="no" isColorizerTrigger="no" isFilterTrigger="no" isSoundTrigger="no" isColorTrigger="no" isColorTriggerFg="no" isColorTriggerBg="no">
          <name>fear</name>
          <script>svo.ph_diag("fear")</script>
          <triggerType>0</triggerType>
          <conditonLineDelta>99</conditonLineDelta>
          <mStayOpen>0</mStayOpen>
          <mCommand/>
          <packageName/>
          <mFgColor>#ff0000</mFgColor>
          <mBgColor>#ffff00</mBgColor>
          <mSoundFile/>
          <colorTriggerFgColor>#000000</colorTriggerFgColor>
          <colorTriggerBgColor>#000000</colorTriggerBgColor>
          <regexCodeList>
            <string>afflicted by fear.</string>
          </regexCodeList>
          <regexCodePropertyList>
            <integer>3</integer>
          </regexCodePropertyList>
        </Trigger>
        <Trigger isActive="yes" isFolder="no" isTempTrigger="no" isMultiline="no" isPerlSlashGOption="no" isColorizerTrigger="no" isFilterTrigger="no" isSoundTrigger="no" isColorTrigger="no" isColorTriggerFg="no" isColorTriggerBg="no">
          <name>haemophilia</name>
          <script>svo.ph_diag("haemophilia")</script>
          <triggerType>0</triggerType>
          <conditonLineDelta>0</conditonLineDelta>
          <mStayOpen>0</mStayOpen>
          <mCommand/>
          <packageName/>
          <mFgColor>#ff0000</mFgColor>
          <mBgColor>#ffff00</mBgColor>
          <mSoundFile/>
          <colorTriggerFgColor>#000000</colorTriggerFgColor>
          <colorTriggerBgColor>#000000</colorTriggerBgColor>
          <regexCodeList>
            <string>afflicted by haemophilia.</string>
          </regexCodeList>
          <regexCodePropertyList>
            <integer>3</integer>
          </regexCodePropertyList>
        </Trigger>
        <Trigger isActive="yes" isFolder="no" isTempTrigger="no" isMultiline="no" isPerlSlashGOption="no" isColorizerTrigger="no" isFilterTrigger="no" isSoundTrigger="no" isColorTrigger="no" isColorTriggerFg="no" isColorTriggerBg="no">
          <name>asthma</name>
          <script>svo.ph_diag("asthma")</script>
          <triggerType>0</triggerType>
          <conditonLineDelta>0</conditonLineDelta>
          <mStayOpen>0</mStayOpen>
          <mCommand/>
          <packageName/>
          <mFgColor>#ff0000</mFgColor>
          <mBgColor>#ffff00</mBgColor>
          <mSoundFile/>
          <colorTriggerFgColor>#000000</colorTriggerFgColor>
          <colorTriggerBgColor>#000000</colorTriggerBgColor>
          <regexCodeList>
            <string>afflicted by horrible asthma.</string>
          </regexCodeList>
          <regexCodePropertyList>
            <integer>3</integer>
          </regexCodePropertyList>
        </Trigger>
        <Trigger isActive="yes" isFolder="no" isTempTrigger="no" isMultiline="no" isPerlSlashGOption="no" isColorizerTrigger="no" isFilterTrigger="no" isSoundTrigger="no" isColorTrigger="no" isColorTriggerFg="no" isColorTriggerBg="no">
          <name>relapsing</name>
          <script>svo.ph_diag("relapsing")</script>
          <triggerType>0</triggerType>
          <conditonLineDelta>0</conditonLineDelta>
          <mStayOpen>0</mStayOpen>
          <mCommand/>
          <packageName/>
          <mFgColor>#ff0000</mFgColor>
          <mBgColor>#ffff00</mBgColor>
          <mSoundFile/>
          <colorTriggerFgColor>#000000</colorTriggerFgColor>
          <colorTriggerBgColor>#000000</colorTriggerBgColor>
          <regexCodeList>
            <string>afflicted by thin blood.</string>
          </regexCodeList>
          <regexCodePropertyList>
            <integer>3</integer>
          </regexCodePropertyList>
        </Trigger>
        <Trigger isActive="yes" isFolder="no" isTempTrigger="no" isMultiline="no" isPerlSlashGOption="no" isColorizerTrigger="no" isFilterTrigger="no" isSoundTrigger="no" isColorTrigger="no" isColorTriggerFg="no" isColorTriggerBg="no">
          <name>shyness</name>
          <script>svo.ph_diag("shyness")</script>
          <triggerType>0</triggerType>
          <conditonLineDelta>0</conditonLineDelta>
          <mStayOpen>0</mStayOpen>
          <mCommand/>
          <packageName/>
          <mFgColor>#ff0000</mFgColor>
          <mBgColor>#ffff00</mBgColor>
          <mSoundFile/>
          <colorTriggerFgColor>#000000</colorTriggerFgColor>
          <colorTriggerBgColor>#000000</colorTriggerBgColor>
          <regexCodeList>
            <string>afflicted by unbearable shyness.</string>
          </regexCodeList>
          <regexCodePropertyList>
            <integer>3</integer>
          </regexCodePropertyList>
        </Trigger>
        <Trigger isActive="yes" isFolder="no" isTempTrigger="no" isMultiline="no" isPerlSlashGOption="no" isColorizerTrigger="no" isFilterTrigger="no" isSoundTrigger="no" isColorTrigger="no" isColorTriggerFg="no" isColorTriggerBg="no">
          <name>clumsiness</name>
          <script>svo.ph_diag("clumsiness")</script>
          <triggerType>0</triggerType>
          <conditonLineDelta>0</conditonLineDelta>
          <mStayOpen>0</mStayOpen>
          <mCommand/>
          <packageName/>
          <mFgColor>#ff0000</mFgColor>
          <mBgColor>#ffff00</mBgColor>
          <mSoundFile/>
          <colorTriggerFgColor>#000000</colorTriggerFgColor>
          <colorTriggerBgColor>#000000</colorTriggerBgColor>
          <regexCodeList>
            <string>afflicted with clumsiness.</string>
          </regexCodeList>
          <regexCodePropertyList>
            <integer>3</integer>
          </regexCodePropertyList>
        </Trigger>
        <Trigger isActive="yes" isFolder="no" isTempTrigger="no" isMultiline="no" isPerlSlashGOption="no" isColorizerTrigger="no" isFilterTrigger="no" isSoundTrigger="no" isColorTrigger="no" isColorTriggerFg="no" isColorTriggerBg="no">
          <name>aeon</name>
          <script>svo.ph_diag("aeon")</script>
          <triggerType>0</triggerType>
          <conditonLineDelta>0</conditonLineDelta>
          <mStayOpen>0</mStayOpen>
          <mCommand/>
          <packageName/>
          <mFgColor>#ff0000</mFgColor>
          <mBgColor>#ffff00</mBgColor>
          <mSoundFile/>
          <colorTriggerFgColor>#000000</colorTriggerFgColor>
          <colorTriggerBgColor>#000000</colorTriggerBgColor>
          <regexCodeList>
            <string>afflicted with the curse of the Aeon.</string>
          </regexCodeList>
          <regexCodePropertyList>
            <integer>3</integer>
          </regexCodePropertyList>
        </Trigger>
        <Trigger isActive="yes" isFolder="no" isTempTrigger="no" isMultiline="no" isPerlSlashGOption="no" isColorizerTrigger="no" isFilterTrigger="no" isSoundTrigger="no" isColorTrigger="no" isColorTriggerFg="no" isColorTriggerBg="no">
          <name>vertigo</name>
          <script>svo.ph_diag("vertigo")</script>
          <triggerType>0</triggerType>
          <conditonLineDelta>0</conditonLineDelta>
          <mStayOpen>0</mStayOpen>
          <mCommand/>
          <packageName/>
          <mFgColor>#ff0000</mFgColor>
          <mBgColor>#ffff00</mBgColor>
          <mSoundFile/>
          <colorTriggerFgColor>#000000</colorTriggerFgColor>
          <colorTriggerBgColor>#000000</colorTriggerBgColor>
          <regexCodeList>
            <string>afraid of heights.</string>
          </regexCodeList>
          <regexCodePropertyList>
            <integer>3</integer>
          </regexCodePropertyList>
        </Trigger>
        <Trigger isActive="yes" isFolder="no" isTempTrigger="no" isMultiline="no" isPerlSlashGOption="no" isColorizerTrigger="no" isFilterTrigger="no" isSoundTrigger="no" isColorTrigger="no" isColorTriggerFg="no" isColorTriggerBg="no">
          <name>agoraphobia</name>
          <script>svo.ph_diag("agoraphobia")</script>
          <triggerType>0</triggerType>
          <conditonLineDelta>0</conditonLineDelta>
          <mStayOpen>0</mStayOpen>
          <mCommand/>
          <packageName/>
          <mFgColor>#ff0000</mFgColor>
          <mBgColor>#ffff00</mBgColor>
          <mSoundFile/>
          <colorTriggerFgColor>#000000</colorTriggerFgColor>
          <colorTriggerBgColor>#000000</colorTriggerBgColor>
          <regexCodeList>
            <string>agoraphobic.</string>
          </regexCodeList>
          <regexCodePropertyList>
            <integer>3</integer>
          </regexCodePropertyList>
        </Trigger>
        <Trigger isActive="yes" isFolder="no" isTempTrigger="no" isMultiline="no" isPerlSlashGOption="no" isColorizerTrigger="no" isFilterTrigger="no" isSoundTrigger="no" isColorTrigger="no" isColorTriggerFg="no" isColorTriggerBg="no">
          <name>darkshade</name>
          <script>svo.ph_diag("darkshade")</script>
          <triggerType>0</triggerType>
          <conditonLineDelta>0</conditonLineDelta>
          <mStayOpen>0</mStayOpen>
          <mCommand/>
          <packageName/>
          <mFgColor>#ff0000</mFgColor>
          <mBgColor>#ffff00</mBgColor>
          <mSoundFile/>
          <colorTriggerFgColor>#000000</colorTriggerFgColor>
          <colorTriggerBgColor>#000000</colorTriggerBgColor>
          <regexCodeList>
            <string>allergic to sunlight.</string>
          </regexCodeList>
          <regexCodePropertyList>
            <integer>3</integer>
          </regexCodePropertyList>
        </Trigger>
        <Trigger isActive="yes" isFolder="no" isTempTrigger="no" isMultiline="no" isPerlSlashGOption="no" isColorizerTrigger="no" isFilterTrigger="no" isSoundTrigger="no" isColorTrigger="no" isColorTriggerFg="no" isColorTriggerBg="no">
          <name>anorexia</name>
          <script>svo.ph_diag("anorexia")</script>
          <triggerType>0</triggerType>
          <conditonLineDelta>85</conditonLineDelta>
          <mStayOpen>0</mStayOpen>
          <mCommand/>
          <packageName/>
          <mFgColor>#ff0000</mFgColor>
          <mBgColor>#ffff00</mBgColor>
          <mSoundFile/>
          <colorTriggerFgColor>#000000</colorTriggerFgColor>
          <colorTriggerBgColor>#000000</colorTriggerBgColor>
          <regexCodeList>
            <string>anorexic.</string>
          </regexCodeList>
          <regexCodePropertyList>
            <integer>3</integer>
          </regexCodePropertyList>
        </Trigger>
        <Trigger isActive="yes" isFolder="no" isTempTrigger="no" isMultiline="no" isPerlSlashGOption="no" isColorizerTrigger="no" isFilterTrigger="no" isSoundTrigger="no" isColorTrigger="no" isColorTriggerFg="no" isColorTriggerBg="no">
          <name>bound</name>
          <script>svo.ph_diag("bound")</script>
          <triggerType>0</triggerType>
          <conditonLineDelta>85</conditonLineDelta>
          <mStayOpen>0</mStayOpen>
          <mCommand/>
          <packageName/>
          <mFgColor>#ff0000</mFgColor>
          <mBgColor>#ffff00</mBgColor>
          <mSoundFile/>
          <colorTriggerFgColor>#000000</colorTriggerFgColor>
          <colorTriggerBgColor>#000000</colorTriggerBgColor>
          <regexCodeList>
            <string>bound and tied.</string>
          </regexCodeList>
          <regexCodePropertyList>
            <integer>3</integer>
          </regexCodePropertyList>
        </Trigger>
        <Trigger isActive="yes" isFolder="no" isTempTrigger="no" isMultiline="no" isPerlSlashGOption="no" isColorizerTrigger="no" isFilterTrigger="no" isSoundTrigger="no" isColorTrigger="no" isColorTriggerFg="no" isColorTriggerBg="no">
          <name>hellsight</name>
          <script>svo.ph_diag("hellsight")</script>
          <triggerType>0</triggerType>
          <conditonLineDelta>0</conditonLineDelta>
          <mStayOpen>0</mStayOpen>
          <mCommand/>
          <packageName/>
          <mFgColor>#ff0000</mFgColor>
          <mBgColor>#ffff00</mBgColor>
          <mSoundFile/>
          <colorTriggerFgColor>#000000</colorTriggerFgColor>
          <colorTriggerBgColor>#000000</colorTriggerBgColor>
          <regexCodeList>
            <string>catching glimpses of Hell.</string>
          </regexCodeList>
          <regexCodePropertyList>
            <integer>3</integer>
          </regexCodePropertyList>
        </Trigger>
        <Trigger isActive="yes" isFolder="no" isTempTrigger="no" isMultiline="no" isPerlSlashGOption="no" isColorizerTrigger="no" isFilterTrigger="no" isSoundTrigger="no" isColorTrigger="no" isColorTriggerFg="no" isColorTriggerBg="no">
          <name>claustrophobia</name>
          <script>svo.ph_diag("claustrophobia")</script>
          <triggerType>0</triggerType>
          <conditonLineDelta>0</conditonLineDelta>
          <mStayOpen>0</mStayOpen>
          <mCommand/>
          <packageName/>
          <mFgColor>#ff0000</mFgColor>
          <mBgColor>#ffff00</mBgColor>
          <mSoundFile/>
          <colorTriggerFgColor>#000000</colorTriggerFgColor>
          <colorTriggerBgColor>#000000</colorTriggerBgColor>
          <regexCodeList>
            <string>claustrophobic.</string>
          </regexCodeList>
          <regexCodePropertyList>
            <integer>3</integer>
          </regexCodePropertyList>
        </Trigger>
        <Trigger isActive="yes" isFolder="no" isTempTrigger="no" isMultiline="no" isPerlSlashGOption="no" isColorizerTrigger="no" isFilterTrigger="no" isSoundTrigger="no" isColorTrigger="no" isColorTriggerFg="no" isColorTriggerBg="no">
          <name>confusion</name>
          <script>svo.ph_diag("confusion")</script>
          <triggerType>0</triggerType>
          <conditonLineDelta>99</conditonLineDelta>
          <mStayOpen>0</mStayOpen>
          <mCommand/>
          <packageName/>
          <mFgColor>#ff0000</mFgColor>
          <mBgColor>#ffff00</mBgColor>
          <mSoundFile/>
          <colorTriggerFgColor>#000000</colorTriggerFgColor>
          <colorTriggerBgColor>#000000</colorTriggerBgColor>
          <regexCodeList>
            <string>confused.</string>
          </regexCodeList>
          <regexCodePropertyList>
            <integer>3</integer>
          </regexCodePropertyList>
        </Trigger>
        <Trigger isActive="yes" isFolder="no" isTempTrigger="no" isMultiline="no" isPerlSlashGOption="no" isColorizerTrigger="no" isFilterTrigger="no" isSoundTrigger="no" isColorTrigger="no" isColorTriggerFg="no" isColorTriggerBg="no">
          <name>dementia</name>
          <script>svo.ph_diag("dementia")</script>
          <triggerType>0</triggerType>
          <conditonLineDelta>0</conditonLineDelta>
          <mStayOpen>0</mStayOpen>
          <mCommand/>
          <packageName/>
          <mFgColor>#ff0000</mFgColor>
          <mBgColor>#ffff00</mBgColor>
          <mSoundFile/>
          <colorTriggerFgColor>#000000</colorTriggerFgColor>
          <colorTriggerBgColor>#000000</colorTriggerBgColor>
          <regexCodeList>
            <string>demented.</string>
          </regexCodeList>
          <regexCodePropertyList>
            <integer>3</integer>
          </regexCodePropertyList>
        </Trigger>
        <Trigger isActive="yes" isFolder="no" isTempTrigger="no" isMultiline="no" isPerlSlashGOption="no" isColorizerTrigger="no" isFilterTrigger="no" isSoundTrigger="no" isColorTrigger="no" isColorTriggerFg="no" isColorTriggerBg="no">
          <name>blackout</name>
          <script>svo.ph_diag("blackout")</script>
          <triggerType>0</triggerType>
          <conditonLineDelta>0</conditonLineDelta>
          <mStayOpen>0</mStayOpen>
          <mCommand/>
          <packageName/>
          <mFgColor>#ff0000</mFgColor>
          <mBgColor>#ffff00</mBgColor>
          <mSoundFile/>
          <colorTriggerFgColor>#000000</colorTriggerFgColor>
          <colorTriggerBgColor>#000000</colorTriggerBgColor>
          <regexCodeList>
            <string>devoid of senses.</string>
          </regexCodeList>
          <regexCodePropertyList>
            <integer>3</integer>
          </regexCodePropertyList>
        </Trigger>
        <Trigger isActive="yes" isFolder="no" isTempTrigger="no" isMultiline="no" isPerlSlashGOption="no" isColorizerTrigger="no" isFilterTrigger="no" isSoundTrigger="no" isColorTrigger="no" isColorTriggerFg="no" isColorTriggerBg="no">
          <name>webbed</name>
          <script>svo.ph_diag("webbed")</script>
          <triggerType>0</triggerType>
          <conditonLineDelta>0</conditonLineDelta>
          <mStayOpen>0</mStayOpen>
          <mCommand/>
          <packageName/>
          <mFgColor>#ff0000</mFgColor>
          <mBgColor>#ffff00</mBgColor>
          <mSoundFile/>
          <colorTriggerFgColor>#000000</colorTriggerFgColor>
          <colorTriggerBgColor>#000000</colorTriggerBgColor>
          <regexCodeList>
            <string>entangled in strands of webbing.</string>
          </regexCodeList>
          <regexCodePropertyList>
            <integer>3</integer>
          </regexCodePropertyList>
        </Trigger>
        <Trigger isActive="yes" isFolder="no" isTempTrigger="no" isMultiline="no" isPerlSlashGOption="no" isColorizerTrigger="no" isFilterTrigger="no" isSoundTrigger="no" isColorTrigger="no" isColorTriggerFg="no" isColorTriggerBg="no">
          <name>generosity</name>
          <script>svo.ph_diag("generosity")</script>
          <triggerType>0</triggerType>
          <conditonLineDelta>0</conditonLineDelta>
          <mStayOpen>0</mStayOpen>
          <mCommand/>
          <packageName/>
          <mFgColor>#ff0000</mFgColor>
          <mBgColor>#ffff00</mBgColor>
          <mSoundFile/>
          <colorTriggerFgColor>#000000</colorTriggerFgColor>
          <colorTriggerBgColor>#000000</colorTriggerBgColor>
          <regexCodeList>
            <string>extremely generous.</string>
          </regexCodeList>
          <regexCodePropertyList>
            <integer>3</integer>
          </regexCodePropertyList>
        </Trigger>
        <Trigger isActive="yes" isFolder="no" isTempTrigger="no" isMultiline="no" isPerlSlashGOption="no" isColorizerTrigger="no" isFilterTrigger="no" isSoundTrigger="no" isColorTrigger="no" isColorTriggerFg="no" isColorTriggerBg="no">
          <name>slickness</name>
          <script>svo.ph_diag("slickness")</script>
          <triggerType>0</triggerType>
          <conditonLineDelta>0</conditonLineDelta>
          <mStayOpen>0</mStayOpen>
          <mCommand/>
          <packageName/>
          <mFgColor>#ff0000</mFgColor>
          <mBgColor>#ffff00</mBgColor>
          <mSoundFile/>
          <colorTriggerFgColor>#000000</colorTriggerFgColor>
          <colorTriggerBgColor>#000000</colorTriggerBgColor>
          <regexCodeList>
            <string>extremely oily.</string>
          </regexCodeList>
          <regexCodePropertyList>
            <integer>3</integer>
          </regexCodePropertyList>
        </Trigger>
        <Trigger isActive="yes" isFolder="no" isTempTrigger="no" isMultiline="no" isPerlSlashGOption="no" isColorizerTrigger="no" isFilterTrigger="no" isSoundTrigger="no" isColorTrigger="no" isColorTriggerFg="no" isColorTriggerBg="no">
          <name>lethargy</name>
          <script>svo.ph_diag("lethargy")</script>
          <triggerType>0</triggerType>
          <conditonLineDelta>85</conditonLineDelta>
          <mStayOpen>0</mStayOpen>
          <mCommand/>
          <packageName/>
          <mFgColor>#ff0000</mFgColor>
          <mBgColor>#ffff00</mBgColor>
          <mSoundFile/>
          <colorTriggerFgColor>#000000</colorTriggerFgColor>
          <colorTriggerBgColor>#000000</colorTriggerBgColor>
          <regexCodeList>
            <string>feeling rather lethargic.</string>
          </regexCodeList>
          <regexCodePropertyList>
            <integer>3</integer>
          </regexCodePropertyList>
        </Trigger>
        <Trigger isActive="yes" isFolder="no" isTempTrigger="no" isMultiline="no" isPerlSlashGOption="no" isColorizerTrigger="no" isFilterTrigger="no" isSoundTrigger="no" isColorTrigger="no" isColorTriggerFg="no" isColorTriggerBg="no">
          <name>pacifism</name>
          <script>svo.ph_diag("pacifism")</script>
          <triggerType>0</triggerType>
          <conditonLineDelta>0</conditonLineDelta>
          <mStayOpen>0</mStayOpen>
          <mCommand/>
          <packageName/>
          <mFgColor>#ff0000</mFgColor>
          <mBgColor>#ffff00</mBgColor>
          <mSoundFile/>
          <colorTriggerFgColor>#000000</colorTriggerFgColor>
          <colorTriggerBgColor>#000000</colorTriggerBgColor>
          <regexCodeList>
            <string>feeling unnaturally tranquil.</string>
          </regexCodeList>
          <regexCodePropertyList>
            <integer>3</integer>
          </regexCodePropertyList>
        </Trigger>
        <Trigger isActive="yes" isFolder="no" isTempTrigger="no" isMultiline="no" isPerlSlashGOption="no" isColorizerTrigger="no" isFilterTrigger="no" isSoundTrigger="no" isColorTrigger="no" isColorTriggerFg="no" isColorTriggerBg="no">
          <name>frozen</name>
          <script>svo.ph_diag("frozen")</script>
          <triggerType>0</triggerType>
          <conditonLineDelta>0</conditonLineDelta>
          <mStayOpen>0</mStayOpen>
          <mCommand/>
          <packageName/>
          <mFgColor>#ff0000</mFgColor>
          <mBgColor>#ffff00</mBgColor>
          <mSoundFile/>
          <colorTriggerFgColor>#000000</colorTriggerFgColor>
          <colorTriggerBgColor>#000000</colorTriggerBgColor>
          <regexCodeList>
            <string>frozen stiff.</string>
          </regexCodeList>
          <regexCodePropertyList>
            <integer>3</integer>
          </regexCodePropertyList>
        </Trigger>
        <Trigger isActive="yes" isFolder="no" isTempTrigger="no" isMultiline="no" isPerlSlashGOption="no" isColorizerTrigger="no" isFilterTrigger="no" isSoundTrigger="no" isColorTrigger="no" isColorTriggerFg="no" isColorTriggerBg="no">
          <name>hallucinations</name>
          <script>svo.ph_diag("hallucinations")</script>
          <triggerType>0</triggerType>
          <conditonLineDelta>0</conditonLineDelta>
          <mStayOpen>0</mStayOpen>
          <mCommand/>
          <packageName/>
          <mFgColor>#ff0000</mFgColor>
          <mBgColor>#ffff00</mBgColor>
          <mSoundFile/>
          <colorTriggerFgColor>#000000</colorTriggerFgColor>
          <colorTriggerBgColor>#000000</colorTriggerBgColor>
          <regexCodeList>
            <string>hallucinating.</string>
          </regexCodeList>
          <regexCodePropertyList>
            <integer>3</integer>
          </regexCodePropertyList>
        </Trigger>
        <Trigger isActive="yes" isFolder="no" isTempTrigger="no" isMultiline="no" isPerlSlashGOption="no" isColorizerTrigger="no" isFilterTrigger="no" isSoundTrigger="no" isColorTrigger="no" isColorTriggerFg="no" isColorTriggerBg="no">
          <name>dissonance</name>
          <script>svo.ph_diag("dissonance")</script>
          <triggerType>0</triggerType>
          <conditonLineDelta>0</conditonLineDelta>
          <mStayOpen>0</mStayOpen>
          <mCommand/>
          <packageName/>
          <mFgColor>#ff0000</mFgColor>
          <mBgColor>#ffff00</mBgColor>
          <mSoundFile/>
          <colorTriggerFgColor>#000000</colorTriggerFgColor>
          <colorTriggerBgColor>#000000</colorTriggerBgColor>
          <regexCodeList>
            <string>has a dissonant nature.</string>
          </regexCodeList>
          <regexCodePropertyList>
            <integer>3</integer>
          </regexCodePropertyList>
        </Trigger>
        <Trigger isActive="yes" isFolder="no" isTempTrigger="no" isMultiline="no" isPerlSlashGOption="no" isColorizerTrigger="no" isFilterTrigger="no" isSoundTrigger="no" isColorTrigger="no" isColorTriggerFg="no" isColorTriggerBg="no">
          <name>mutilatedrightarm</name>
          <script>svo.ph_diag("mutilatedrightarm")</script>
          <triggerType>0</triggerType>
          <conditonLineDelta>0</conditonLineDelta>
          <mStayOpen>0</mStayOpen>
          <mCommand/>
          <packageName/>
          <mFgColor>#ff0000</mFgColor>
          <mBgColor>#ffff00</mBgColor>
          <mSoundFile/>
          <colorTriggerFgColor>#000000</colorTriggerFgColor>
          <colorTriggerBgColor>#000000</colorTriggerBgColor>
          <regexCodeList>
            <string>has a mangled right arm.</string>
          </regexCodeList>
          <regexCodePropertyList>
            <integer>3</integer>
          </regexCodePropertyList>
        </Trigger>
        <Trigger isActive="yes" isFolder="no" isTempTrigger="no" isMultiline="no" isPerlSlashGOption="no" isColorizerTrigger="no" isFilterTrigger="no" isSoundTrigger="no" isColorTrigger="no" isColorTriggerFg="no" isColorTriggerBg="no">
          <name>mutilatedleftarm</name>
          <script>svo.ph_diag("mutilatedleftarm")</script>
          <triggerType>0</triggerType>
          <conditonLineDelta>0</conditonLineDelta>
          <mStayOpen>0</mStayOpen>
          <mCommand/>
          <packageName/>
          <mFgColor>#ff0000</mFgColor>
          <mBgColor>#ffff00</mBgColor>
          <mSoundFile/>
          <colorTriggerFgColor>#000000</colorTriggerFgColor>
          <colorTriggerBgColor>#000000</colorTriggerBgColor>
          <regexCodeList>
            <string>has a mangled left arm.</string>
          </regexCodeList>
          <regexCodePropertyList>
            <integer>3</integer>
          </regexCodePropertyList>
        </Trigger>
        <Trigger isActive="yes" isFolder="no" isTempTrigger="no" isMultiline="no" isPerlSlashGOption="no" isColorizerTrigger="no" isFilterTrigger="no" isSoundTrigger="no" isColorTrigger="no" isColorTriggerFg="no" isColorTriggerBg="no">
          <name>mutilatedrightleg</name>
          <script>svo.ph_diag("mutilatedrightleg")</script>
          <triggerType>0</triggerType>
          <conditonLineDelta>0</conditonLineDelta>
          <mStayOpen>0</mStayOpen>
          <mCommand/>
          <packageName/>
          <mFgColor>#ff0000</mFgColor>
          <mBgColor>#ffff00</mBgColor>
          <mSoundFile/>
          <colorTriggerFgColor>#000000</colorTriggerFgColor>
          <colorTriggerBgColor>#000000</colorTriggerBgColor>
          <regexCodeList>
            <string>has a mangled right leg.</string>
          </regexCodeList>
          <regexCodePropertyList>
            <integer>3</integer>
          </regexCodePropertyList>
        </Trigger>
        <Trigger isActive="yes" isFolder="no" isTempTrigger="no" isMultiline="no" isPerlSlashGOption="no" isColorizerTrigger="no" isFilterTrigger="no" isSoundTrigger="no" isColorTrigger="no" isColorTriggerFg="no" isColorTriggerBg="no">
          <name>mutilatedleftleg</name>
          <script>svo.ph_diag("mutilatedleftleg")</script>
          <triggerType>0</triggerType>
          <conditonLineDelta>0</conditonLineDelta>
          <mStayOpen>0</mStayOpen>
          <mCommand/>
          <packageName/>
          <mFgColor>#ff0000</mFgColor>
          <mBgColor>#ffff00</mBgColor>
          <mSoundFile/>
          <colorTriggerFgColor>#000000</colorTriggerFgColor>
          <colorTriggerBgColor>#000000</colorTriggerBgColor>
          <regexCodeList>
            <string>has a mangled left leg.</string>
          </regexCodeList>
          <regexCodePropertyList>
            <integer>3</integer>
          </regexCodePropertyList>
        </Trigger>
        <Trigger isActive="yes" isFolder="no" isTempTrigger="no" isMultiline="no" isPerlSlashGOption="no" isColorizerTrigger="no" isFilterTrigger="no" isSoundTrigger="no" isColorTrigger="no" isColorTriggerFg="no" isColorTriggerBg="no">
          <name>concussionhead</name>
          <script>svo.ph_diag("mildconcussion")</script>
          <triggerType>0</triggerType>
          <conditonLineDelta>85</conditonLineDelta>
          <mStayOpen>0</mStayOpen>
          <mCommand/>
          <packageName/>
          <mFgColor>#ff0000</mFgColor>
          <mBgColor>#ffff00</mBgColor>
          <mSoundFile/>
          <colorTriggerFgColor>#000000</colorTriggerFgColor>
          <colorTriggerBgColor>#000000</colorTriggerBgColor>
          <regexCodeList>
            <string>has a partially damaged head.</string>
          </regexCodeList>
          <regexCodePropertyList>
            <integer>3</integer>
          </regexCodePropertyList>
        </Trigger>
        <Trigger isActive="yes" isFolder="no" isTempTrigger="no" isMultiline="no" isPerlSlashGOption="no" isColorizerTrigger="no" isFilterTrigger="no" isSoundTrigger="no" isColorTrigger="no" isColorTriggerFg="no" isColorTriggerBg="no">
          <name>mangledrightarm</name>
          <script>svo.ph_diag("mangledrightarm")</script>
          <triggerType>0</triggerType>
          <conditonLineDelta>0</conditonLineDelta>
          <mStayOpen>0</mStayOpen>
          <mCommand/>
          <packageName/>
          <mFgColor>#ff0000</mFgColor>
          <mBgColor>#ffff00</mBgColor>
          <mSoundFile/>
          <colorTriggerFgColor>#000000</colorTriggerFgColor>
          <colorTriggerBgColor>#000000</colorTriggerBgColor>
          <regexCodeList>
            <string>has a partially damaged right arm.</string>
          </regexCodeList>
          <regexCodePropertyList>
            <integer>3</integer>
          </regexCodePropertyList>
        </Trigger>
        <Trigger isActive="yes" isFolder="no" isTempTrigger="no" isMultiline="no" isPerlSlashGOption="no" isColorizerTrigger="no" isFilterTrigger="no" isSoundTrigger="no" isColorTrigger="no" isColorTriggerFg="no" isColorTriggerBg="no">
          <name>mangledleftarm</name>
          <script>svo.ph_diag("mangledleftarm")</script>
          <triggerType>0</triggerType>
          <conditonLineDelta>0</conditonLineDelta>
          <mStayOpen>0</mStayOpen>
          <mCommand/>
          <packageName/>
          <mFgColor>#ff0000</mFgColor>
          <mBgColor>#ffff00</mBgColor>
          <mSoundFile/>
          <colorTriggerFgColor>#000000</colorTriggerFgColor>
          <colorTriggerBgColor>#000000</colorTriggerBgColor>
          <regexCodeList>
            <string>has a partially damaged left arm.</string>
          </regexCodeList>
          <regexCodePropertyList>
            <integer>3</integer>
          </regexCodePropertyList>
        </Trigger>
        <Trigger isActive="yes" isFolder="no" isTempTrigger="no" isMultiline="no" isPerlSlashGOption="no" isColorizerTrigger="no" isFilterTrigger="no" isSoundTrigger="no" isColorTrigger="no" isColorTriggerFg="no" isColorTriggerBg="no">
          <name>mangledrightleg</name>
          <script>svo.ph_diag("mangledrightleg")</script>
          <triggerType>0</triggerType>
          <conditonLineDelta>85</conditonLineDelta>
          <mStayOpen>0</mStayOpen>
          <mCommand/>
          <packageName/>
          <mFgColor>#ff0000</mFgColor>
          <mBgColor>#ffff00</mBgColor>
          <mSoundFile/>
          <colorTriggerFgColor>#000000</colorTriggerFgColor>
          <colorTriggerBgColor>#000000</colorTriggerBgColor>
          <regexCodeList>
            <string>has a partially damaged right leg.</string>
          </regexCodeList>
          <regexCodePropertyList>
            <integer>3</integer>
          </regexCodePropertyList>
        </Trigger>
        <Trigger isActive="yes" isFolder="no" isTempTrigger="no" isMultiline="no" isPerlSlashGOption="no" isColorizerTrigger="no" isFilterTrigger="no" isSoundTrigger="no" isColorTrigger="no" isColorTriggerFg="no" isColorTriggerBg="no">
          <name>mangledleftleg</name>
          <script>svo.ph_diag("mangledleftleg")</script>
          <triggerType>0</triggerType>
          <conditonLineDelta>85</conditonLineDelta>
          <mStayOpen>0</mStayOpen>
          <mCommand/>
          <packageName/>
          <mFgColor>#ff0000</mFgColor>
          <mBgColor>#ffff00</mBgColor>
          <mSoundFile/>
          <colorTriggerFgColor>#000000</colorTriggerFgColor>
          <colorTriggerBgColor>#000000</colorTriggerBgColor>
          <regexCodeList>
            <string>has a partially damaged left leg.</string>
          </regexCodeList>
          <regexCodePropertyList>
            <integer>3</integer>
          </regexCodePropertyList>
        </Trigger>
        <Trigger isActive="yes" isFolder="no" isTempTrigger="no" isMultiline="no" isPerlSlashGOption="no" isColorizerTrigger="no" isFilterTrigger="no" isSoundTrigger="no" isColorTrigger="no" isColorTriggerFg="no" isColorTriggerBg="no">
          <name>seriousconcussion</name>
          <script>svo.ph_diag("seriousconcussion")</script>
          <triggerType>0</triggerType>
          <conditonLineDelta>85</conditonLineDelta>
          <mStayOpen>0</mStayOpen>
          <mCommand/>
          <packageName/>
          <mFgColor>#ff0000</mFgColor>
          <mBgColor>#ffff00</mBgColor>
          <mSoundFile/>
          <colorTriggerFgColor>#000000</colorTriggerFgColor>
          <colorTriggerBgColor>#000000</colorTriggerBgColor>
          <regexCodeList>
            <string>has a serious concussion.</string>
          </regexCodeList>
          <regexCodePropertyList>
            <integer>3</integer>
          </regexCodePropertyList>
        </Trigger>
        <Trigger isActive="yes" isFolder="no" isTempTrigger="no" isMultiline="no" isPerlSlashGOption="no" isColorizerTrigger="no" isFilterTrigger="no" isSoundTrigger="no" isColorTrigger="no" isColorTriggerFg="no" isColorTriggerBg="no">
          <name>serioustrauma</name>
          <script>svo.ph_diag("serioustrauma")</script>
          <triggerType>0</triggerType>
          <conditonLineDelta>85</conditonLineDelta>
          <mStayOpen>0</mStayOpen>
          <mCommand/>
          <packageName/>
          <mFgColor>#ff0000</mFgColor>
          <mBgColor>#ffff00</mBgColor>
          <mSoundFile/>
          <colorTriggerFgColor>#000000</colorTriggerFgColor>
          <colorTriggerBgColor>#000000</colorTriggerBgColor>
          <regexCodeList>
            <string>has serious internal trauma.</string>
          </regexCodeList>
          <regexCodePropertyList>
            <integer>3</integer>
          </regexCodePropertyList>
        </Trigger>
        <Trigger isActive="yes" isFolder="no" isTempTrigger="no" isMultiline="no" isPerlSlashGOption="no" isColorizerTrigger="no" isFilterTrigger="no" isSoundTrigger="no" isColorTrigger="no" isColorTriggerFg="no" isColorTriggerBg="no">
          <name>mildtrauma</name>
          <script>svo.ph_diag("mildtrauma")</script>
          <triggerType>0</triggerType>
          <conditonLineDelta>85</conditonLineDelta>
          <mStayOpen>0</mStayOpen>
          <mCommand/>
          <packageName/>
          <mFgColor>#ff0000</mFgColor>
          <mBgColor>#ffff00</mBgColor>
          <mSoundFile/>
          <colorTriggerFgColor>#000000</colorTriggerFgColor>
          <colorTriggerBgColor>#000000</colorTriggerBgColor>
          <regexCodeList>
            <string>has mild internal trauma.</string>
          </regexCodeList>
          <regexCodePropertyList>
            <integer>3</integer>
          </regexCodePropertyList>
        </Trigger>
        <Trigger isActive="yes" isFolder="no" isTempTrigger="no" isMultiline="no" isPerlSlashGOption="no" isColorizerTrigger="no" isFilterTrigger="no" isSoundTrigger="no" isColorTrigger="no" isColorTriggerFg="no" isColorTriggerBg="no">
          <name>madness</name>
          <script>svo.ph_diag("madness")</script>
          <triggerType>0</triggerType>
          <conditonLineDelta>0</conditonLineDelta>
          <mStayOpen>0</mStayOpen>
          <mCommand/>
          <packageName/>
          <mFgColor>#ff0000</mFgColor>
          <mBgColor>#ffff00</mBgColor>
          <mSoundFile/>
          <colorTriggerFgColor>#000000</colorTriggerFgColor>
          <colorTriggerBgColor>#000000</colorTriggerBgColor>
          <regexCodeList>
            <string>hearing whispers of madness.</string>
          </regexCodeList>
          <regexCodePropertyList>
            <integer>3</integer>
          </regexCodePropertyList>
        </Trigger>
        <Trigger isActive="yes" isFolder="no" isTempTrigger="no" isMultiline="no" isPerlSlashGOption="no" isColorizerTrigger="no" isFilterTrigger="no" isSoundTrigger="no" isColorTrigger="no" isColorTriggerFg="no" isColorTriggerBg="no">
          <name>hypersomnia</name>
          <script>svo.ph_diag("hypersomnia")</script>
          <triggerType>0</triggerType>
          <conditonLineDelta>85</conditonLineDelta>
          <mStayOpen>0</mStayOpen>
          <mCommand/>
          <packageName/>
          <mFgColor>#ff0000</mFgColor>
          <mBgColor>#ffff00</mBgColor>
          <mSoundFile/>
          <colorTriggerFgColor>#000000</colorTriggerFgColor>
          <colorTriggerBgColor>#000000</colorTriggerBgColor>
          <regexCodeList>
            <string>hypersomnic.</string>
          </regexCodeList>
          <regexCodePropertyList>
            <integer>3</integer>
          </regexCodePropertyList>
        </Trigger>
        <Trigger isActive="yes" isFolder="no" isTempTrigger="no" isMultiline="no" isPerlSlashGOption="no" isColorizerTrigger="no" isFilterTrigger="no" isSoundTrigger="no" isColorTrigger="no" isColorTriggerFg="no" isColorTriggerBg="no">
          <name>impatience</name>
          <script>svo.ph_diag("impatience")</script>
          <triggerType>0</triggerType>
          <conditonLineDelta>85</conditonLineDelta>
          <mStayOpen>0</mStayOpen>
          <mCommand/>
          <packageName/>
          <mFgColor>#ff0000</mFgColor>
          <mBgColor>#ffff00</mBgColor>
          <mSoundFile/>
          <colorTriggerFgColor>#000000</colorTriggerFgColor>
          <colorTriggerBgColor>#000000</colorTriggerBgColor>
          <regexCodeList>
            <string>impatient.</string>
          </regexCodeList>
          <regexCodePropertyList>
            <integer>3</integer>
          </regexCodePropertyList>
        </Trigger>
        <Trigger isActive="yes" isFolder="no" isTempTrigger="no" isMultiline="no" isPerlSlashGOption="no" isColorizerTrigger="no" isFilterTrigger="no" isSoundTrigger="no" isColorTrigger="no" isColorTriggerFg="no" isColorTriggerBg="no">
          <name>disloyalty</name>
          <script>svo.ph_diag("disloyalty")</script>
          <triggerType>0</triggerType>
          <conditonLineDelta>99</conditonLineDelta>
          <mStayOpen>0</mStayOpen>
          <mCommand/>
          <packageName/>
          <mFgColor>#ff0000</mFgColor>
          <mBgColor>#ffff00</mBgColor>
          <mSoundFile/>
          <colorTriggerFgColor>#000000</colorTriggerFgColor>
          <colorTriggerBgColor>#000000</colorTriggerBgColor>
          <regexCodeList>
            <string>inspires disloyalty in those nearby.</string>
          </regexCodeList>
          <regexCodePropertyList>
            <integer>3</integer>
          </regexCodePropertyList>
        </Trigger>
        <Trigger isActive="yes" isFolder="no" isTempTrigger="no" isMultiline="no" isPerlSlashGOption="no" isColorizerTrigger="no" isFilterTrigger="no" isSoundTrigger="no" isColorTrigger="no" isColorTriggerFg="no" isColorTriggerBg="no">
          <name>masochism</name>
          <script>svo.ph_diag("masochism")</script>
          <triggerType>0</triggerType>
          <conditonLineDelta>0</conditonLineDelta>
          <mStayOpen>0</mStayOpen>
          <mCommand/>
          <packageName/>
          <mFgColor>#ff0000</mFgColor>
          <mBgColor>#ffff00</mBgColor>
          <mSoundFile/>
          <colorTriggerFgColor>#000000</colorTriggerFgColor>
          <colorTriggerBgColor>#000000</colorTriggerBgColor>
          <regexCodeList>
            <string>masochistic.</string>
          </regexCodeList>
          <regexCodePropertyList>
            <integer>3</integer>
          </regexCodePropertyList>
        </Trigger>
        <Trigger isActive="yes" isFolder="no" isTempTrigger="no" isMultiline="no" isPerlSlashGOption="no" isColorizerTrigger="no" isFilterTrigger="no" isSoundTrigger="no" isColorTrigger="no" isColorTriggerFg="no" isColorTriggerBg="no">
          <name>deadening</name>
          <script>svo.ph_diag("deadening")</script>
          <triggerType>0</triggerType>
          <conditonLineDelta>0</conditonLineDelta>
          <mStayOpen>0</mStayOpen>
          <mCommand/>
          <packageName/>
          <mFgColor>#ff0000</mFgColor>
          <mBgColor>#ffff00</mBgColor>
          <mSoundFile/>
          <colorTriggerFgColor>#000000</colorTriggerFgColor>
          <colorTriggerBgColor>#000000</colorTriggerBgColor>
          <regexCodeList>
            <string>of a deadened mind.</string>
          </regexCodeList>
          <regexCodePropertyList>
            <integer>3</integer>
          </regexCodePropertyList>
        </Trigger>
        <Trigger isActive="yes" isFolder="no" isTempTrigger="no" isMultiline="no" isPerlSlashGOption="no" isColorizerTrigger="no" isFilterTrigger="no" isSoundTrigger="no" isColorTrigger="no" isColorTriggerFg="no" isColorTriggerBg="no">
          <name>dizziness</name>
          <script>svo.ph_diag("dizziness")</script>
          <triggerType>0</triggerType>
          <conditonLineDelta>0</conditonLineDelta>
          <mStayOpen>0</mStayOpen>
          <mCommand/>
          <packageName/>
          <mFgColor>#ff0000</mFgColor>
          <mBgColor>#ffff00</mBgColor>
          <mSoundFile/>
          <colorTriggerFgColor>#000000</colorTriggerFgColor>
          <colorTriggerBgColor>#000000</colorTriggerBgColor>
          <regexCodeList>
            <string>overcome by dizziness.</string>
          </regexCodeList>
          <regexCodePropertyList>
            <integer>3</integer>
          </regexCodePropertyList>
        </Trigger>
        <Trigger isActive="yes" isFolder="no" isTempTrigger="no" isMultiline="no" isPerlSlashGOption="no" isColorizerTrigger="no" isFilterTrigger="no" isSoundTrigger="no" isColorTrigger="no" isColorTriggerFg="no" isColorTriggerBg="no">
          <name>peace</name>
          <script>svo.ph_diag("peace")</script>
          <triggerType>0</triggerType>
          <conditonLineDelta>85</conditonLineDelta>
          <mStayOpen>0</mStayOpen>
          <mCommand/>
          <packageName/>
          <mFgColor>#ff0000</mFgColor>
          <mBgColor>#ffff00</mBgColor>
          <mSoundFile/>
          <colorTriggerFgColor>#000000</colorTriggerFgColor>
          <colorTriggerBgColor>#000000</colorTriggerBgColor>
          <regexCodeList>
            <string>pacified.</string>
          </regexCodeList>
          <regexCodePropertyList>
            <integer>3</integer>
          </regexCodePropertyList>
        </Trigger>
        <Trigger isActive="yes" isFolder="no" isTempTrigger="no" isMultiline="no" isPerlSlashGOption="no" isColorizerTrigger="no" isFilterTrigger="no" isSoundTrigger="no" isColorTrigger="no" isColorTriggerFg="no" isColorTriggerBg="no">
          <name>paranoia</name>
          <script>svo.ph_diag("paranoia")</script>
          <triggerType>0</triggerType>
          <conditonLineDelta>0</conditonLineDelta>
          <mStayOpen>0</mStayOpen>
          <mCommand/>
          <packageName/>
          <mFgColor>#ff0000</mFgColor>
          <mBgColor>#ffff00</mBgColor>
          <mSoundFile/>
          <colorTriggerFgColor>#000000</colorTriggerFgColor>
          <colorTriggerBgColor>#000000</colorTriggerBgColor>
          <regexCodeList>
            <string>paranoid.</string>
          </regexCodeList>
          <regexCodePropertyList>
            <integer>3</integer>
          </regexCodePropertyList>
        </Trigger>
        <Trigger isActive="yes" isFolder="no" isTempTrigger="no" isMultiline="no" isPerlSlashGOption="no" isColorizerTrigger="no" isFilterTrigger="no" isSoundTrigger="no" isColorTrigger="no" isColorTriggerFg="no" isColorTriggerBg="no">
          <name>recklessness</name>
          <script>svo.ph_diag("recklessness")</script>
          <triggerType>0</triggerType>
          <conditonLineDelta>0</conditonLineDelta>
          <mStayOpen>0</mStayOpen>
          <mCommand/>
          <packageName/>
          <mFgColor>#ff0000</mFgColor>
          <mBgColor>#ffff00</mBgColor>
          <mSoundFile/>
          <colorTriggerFgColor>#000000</colorTriggerFgColor>
          <colorTriggerBgColor>#000000</colorTriggerBgColor>
          <regexCodeList>
            <string>reckless.</string>
          </regexCodeList>
          <regexCodePropertyList>
            <integer>3</integer>
          </regexCodePropertyList>
        </Trigger>
        <Trigger isActive="yes" isFolder="no" isTempTrigger="no" isMultiline="no" isPerlSlashGOption="no" isColorizerTrigger="no" isFilterTrigger="no" isSoundTrigger="no" isColorTrigger="no" isColorTriggerFg="no" isColorTriggerBg="no">
          <name>sensitivity</name>
          <script>svo.ph_diag("sensitivity")</script>
          <triggerType>0</triggerType>
          <conditonLineDelta>0</conditonLineDelta>
          <mStayOpen>0</mStayOpen>
          <mCommand/>
          <packageName/>
          <mFgColor>#ff0000</mFgColor>
          <mBgColor>#ffff00</mBgColor>
          <mSoundFile/>
          <colorTriggerFgColor>#000000</colorTriggerFgColor>
          <colorTriggerBgColor>#000000</colorTriggerBgColor>
          <regexCodeList>
            <string>sensitive to pain.</string>
          </regexCodeList>
          <regexCodePropertyList>
            <integer>3</integer>
          </regexCodePropertyList>
        </Trigger>
        <Trigger isActive="yes" isFolder="no" isTempTrigger="no" isMultiline="no" isPerlSlashGOption="no" isColorizerTrigger="no" isFilterTrigger="no" isSoundTrigger="no" isColorTrigger="no" isColorTriggerFg="no" isColorTriggerBg="no">
          <name>shivering</name>
          <script>svo.ph_diag("shivering")</script>
          <triggerType>0</triggerType>
          <conditonLineDelta>85</conditonLineDelta>
          <mStayOpen>0</mStayOpen>
          <mCommand/>
          <packageName/>
          <mFgColor>#ff0000</mFgColor>
          <mBgColor>#ffff00</mBgColor>
          <mSoundFile/>
          <colorTriggerFgColor>#000000</colorTriggerFgColor>
          <colorTriggerBgColor>#000000</colorTriggerBgColor>
          <regexCodeList>
            <string>shivering.</string>
          </regexCodeList>
          <regexCodePropertyList>
            <integer>3</integer>
          </regexCodePropertyList>
        </Trigger>
        <Trigger isActive="yes" isFolder="no" isTempTrigger="no" isMultiline="no" isPerlSlashGOption="no" isColorizerTrigger="no" isFilterTrigger="no" isSoundTrigger="no" isColorTrigger="no" isColorTriggerFg="no" isColorTriggerBg="no">
          <name>prone</name>
          <script>svo.ph_diag("prone")</script>
          <triggerType>0</triggerType>
          <conditonLineDelta>85</conditonLineDelta>
          <mStayOpen>0</mStayOpen>
          <mCommand/>
          <packageName/>
          <mFgColor>#ff0000</mFgColor>
          <mBgColor>#ffff00</mBgColor>
          <mSoundFile/>
          <colorTriggerFgColor>#000000</colorTriggerFgColor>
          <colorTriggerBgColor>#000000</colorTriggerBgColor>
          <regexCodeList>
            <string>^\w+ on the ground\.$</string>
            <string>sitting on</string>
          </regexCodeList>
          <regexCodePropertyList>
            <integer>1</integer>
            <integer>2</integer>
          </regexCodePropertyList>
        </Trigger>
        <Trigger isActive="yes" isFolder="no" isTempTrigger="no" isMultiline="no" isPerlSlashGOption="no" isColorizerTrigger="no" isFilterTrigger="no" isSoundTrigger="no" isColorTrigger="no" isColorTriggerFg="no" isColorTriggerBg="no">
          <name>epilepsy</name>
          <script>svo.ph_diag("epilepsy")</script>
          <triggerType>0</triggerType>
          <conditonLineDelta>0</conditonLineDelta>
          <mStayOpen>0</mStayOpen>
          <mCommand/>
          <packageName/>
          <mFgColor>#ff0000</mFgColor>
          <mBgColor>#ffff00</mBgColor>
          <mSoundFile/>
          <colorTriggerFgColor>#000000</colorTriggerFgColor>
          <colorTriggerBgColor>#000000</colorTriggerBgColor>
          <regexCodeList>
            <string>suffering from epilepsy.</string>
          </regexCodeList>
          <regexCodePropertyList>
            <integer>3</integer>
          </regexCodePropertyList>
        </Trigger>
        <Trigger isActive="yes" isFolder="no" isTempTrigger="no" isMultiline="no" isPerlSlashGOption="no" isColorizerTrigger="no" isFilterTrigger="no" isSoundTrigger="no" isColorTrigger="no" isColorTriggerFg="no" isColorTriggerBg="no">
          <name>voyria</name>
          <script>svo.ph_diag("voyria")</script>
          <triggerType>0</triggerType>
          <conditonLineDelta>99</conditonLineDelta>
          <mStayOpen>0</mStayOpen>
          <mCommand/>
          <packageName/>
          <mFgColor>#ff0000</mFgColor>
          <mBgColor>#ffff00</mBgColor>
          <mSoundFile/>
          <colorTriggerFgColor>#000000</colorTriggerFgColor>
          <colorTriggerBgColor>#000000</colorTriggerBgColor>
          <regexCodeList>
            <string>suffering from voyria.</string>
          </regexCodeList>
          <regexCodePropertyList>
            <integer>3</integer>
          </regexCodePropertyList>
        </Trigger>
        <Trigger isActive="yes" isFolder="no" isTempTrigger="no" isMultiline="no" isPerlSlashGOption="no" isColorizerTrigger="no" isFilterTrigger="no" isSoundTrigger="no" isColorTrigger="no" isColorTriggerFg="no" isColorTriggerBg="no">
          <name>justice</name>
          <script>svo.ph_diag("justice")</script>
          <triggerType>0</triggerType>
          <conditonLineDelta>0</conditonLineDelta>
          <mStayOpen>0</mStayOpen>
          <mCommand/>
          <packageName/>
          <mFgColor>#ff0000</mFgColor>
          <mBgColor>#ffff00</mBgColor>
          <mSoundFile/>
          <colorTriggerFgColor>#000000</colorTriggerFgColor>
          <colorTriggerBgColor>#000000</colorTriggerBgColor>
          <regexCodeList>
            <string>surrounded by the aura of justice.</string>
          </regexCodeList>
          <regexCodePropertyList>
            <integer>3</integer>
          </regexCodePropertyList>
        </Trigger>
        <Trigger isActive="yes" isFolder="no" isTempTrigger="no" isMultiline="no" isPerlSlashGOption="no" isColorizerTrigger="no" isFilterTrigger="no" isSoundTrigger="no" isColorTrigger="no" isColorTriggerFg="no" isColorTriggerBg="no">
          <name>transfixed</name>
          <script>svo.ph_diag("transfixed")</script>
          <triggerType>0</triggerType>
          <conditonLineDelta>85</conditonLineDelta>
          <mStayOpen>0</mStayOpen>
          <mCommand/>
          <packageName/>
          <mFgColor>#ff0000</mFgColor>
          <mBgColor>#ffff00</mBgColor>
          <mSoundFile/>
          <colorTriggerFgColor>#000000</colorTriggerFgColor>
          <colorTriggerBgColor>#000000</colorTriggerBgColor>
          <regexCodeList>
            <string>transfixed.</string>
          </regexCodeList>
          <regexCodePropertyList>
            <integer>3</integer>
          </regexCodePropertyList>
        </Trigger>
        <Trigger isActive="yes" isFolder="no" isTempTrigger="no" isMultiline="no" isPerlSlashGOption="no" isColorizerTrigger="no" isFilterTrigger="no" isSoundTrigger="no" isColorTrigger="no" isColorTriggerFg="no" isColorTriggerBg="no">
          <name>stupidity</name>
          <script>svo.ph_diag("stupidity")</script>
          <triggerType>0</triggerType>
          <conditonLineDelta>99</conditonLineDelta>
          <mStayOpen>0</mStayOpen>
          <mCommand/>
          <packageName/>
          <mFgColor>#ff0000</mFgColor>
          <mBgColor>#ffff00</mBgColor>
          <mSoundFile/>
          <colorTriggerFgColor>#000000</colorTriggerFgColor>
          <colorTriggerBgColor>#000000</colorTriggerBgColor>
          <regexCodeList>
            <string>unnaturally stupid.</string>
          </regexCodeList>
          <regexCodePropertyList>
            <integer>3</integer>
          </regexCodePropertyList>
        </Trigger>
        <Trigger isActive="yes" isFolder="no" isTempTrigger="no" isMultiline="no" isPerlSlashGOption="no" isColorizerTrigger="no" isFilterTrigger="no" isSoundTrigger="no" isColorTrigger="no" isColorTriggerFg="no" isColorTriggerBg="no">
          <name>loneliness</name>
          <script>svo.ph_diag("loneliness")</script>
          <triggerType>0</triggerType>
          <conditonLineDelta>0</conditonLineDelta>
          <mStayOpen>0</mStayOpen>
          <mCommand/>
          <packageName/>
          <mFgColor>#ff0000</mFgColor>
          <mBgColor>#ffff00</mBgColor>
          <mSoundFile/>
          <colorTriggerFgColor>#000000</colorTriggerFgColor>
          <colorTriggerBgColor>#000000</colorTriggerBgColor>
          <regexCodeList>
            <string>very lonely.</string>
          </regexCodeList>
          <regexCodePropertyList>
            <integer>3</integer>
          </regexCodePropertyList>
        </Trigger>
        <Trigger isActive="yes" isFolder="no" isTempTrigger="no" isMultiline="no" isPerlSlashGOption="no" isColorizerTrigger="no" isFilterTrigger="no" isSoundTrigger="no" isColorTrigger="no" isColorTriggerFg="no" isColorTriggerBg="no">
          <name>illness</name>
          <script>svo.ph_diag("illness")</script>
          <triggerType>0</triggerType>
          <conditonLineDelta>0</conditonLineDelta>
          <mStayOpen>0</mStayOpen>
          <mCommand/>
          <packageName/>
          <mFgColor>#ff0000</mFgColor>
          <mBgColor>#ffff00</mBgColor>
          <mSoundFile/>
          <colorTriggerFgColor>#000000</colorTriggerFgColor>
          <colorTriggerBgColor>#000000</colorTriggerBgColor>
          <regexCodeList>
            <string>violently ill.</string>
          </regexCodeList>
          <regexCodePropertyList>
            <integer>3</integer>
          </regexCodePropertyList>
        </Trigger>
        <Trigger isActive="yes" isFolder="no" isTempTrigger="no" isMultiline="no" isPerlSlashGOption="no" isColorizerTrigger="no" isFilterTrigger="no" isSoundTrigger="no" isColorTrigger="no" isColorTriggerFg="no" isColorTriggerBg="no">
          <name>weakness</name>
          <script>svo.ph_diag("weakness")</script>
          <triggerType>0</triggerType>
          <conditonLineDelta>0</conditonLineDelta>
          <mStayOpen>0</mStayOpen>
          <mCommand/>
          <packageName/>
          <mFgColor>#ff0000</mFgColor>
          <mBgColor>#ffff00</mBgColor>
          <mSoundFile/>
          <colorTriggerFgColor>#000000</colorTriggerFgColor>
          <colorTriggerBgColor>#000000</colorTriggerBgColor>
          <regexCodeList>
            <string>wearied in body.</string>
          </regexCodeList>
          <regexCodePropertyList>
            <integer>3</integer>
          </regexCodePropertyList>
        </Trigger>
        <Trigger isActive="yes" isFolder="no" isTempTrigger="no" isMultiline="no" isPerlSlashGOption="no" isColorizerTrigger="no" isFilterTrigger="no" isSoundTrigger="no" isColorTrigger="no" isColorTriggerFg="no" isColorTriggerBg="no">
          <name>choleric humour</name>
          <script>svo.ph_diag("cholerichumour")</script>
          <triggerType>0</triggerType>
          <conditonLineDelta>0</conditonLineDelta>
          <mStayOpen>0</mStayOpen>
          <mCommand/>
          <packageName/>
          <mFgColor>#ff0000</mFgColor>
          <mBgColor>#ffff00</mBgColor>
          <mSoundFile/>
          <colorTriggerFgColor>#000000</colorTriggerFgColor>
          <colorTriggerBgColor>#000000</colorTriggerBgColor>
          <regexCodeList>
            <string>suffering from a tempered choleric humour.</string>
          </regexCodeList>
          <regexCodePropertyList>
            <integer>3</integer>
          </regexCodePropertyList>
        </Trigger>
        <Trigger isActive="yes" isFolder="no" isTempTrigger="no" isMultiline="no" isPerlSlashGOption="no" isColorizerTrigger="no" isFilterTrigger="no" isSoundTrigger="no" isColorTrigger="no" isColorTriggerFg="no" isColorTriggerBg="no">
          <name>melancholic humour</name>
          <script>svo.ph_diag("melancholichumour")</script>
          <triggerType>0</triggerType>
          <conditonLineDelta>0</conditonLineDelta>
          <mStayOpen>0</mStayOpen>
          <mCommand/>
          <packageName/>
          <mFgColor>#ff0000</mFgColor>
          <mBgColor>#ffff00</mBgColor>
          <mSoundFile/>
          <colorTriggerFgColor>#000000</colorTriggerFgColor>
          <colorTriggerBgColor>#000000</colorTriggerBgColor>
          <regexCodeList>
            <string>suffering from a tempered melancholic humour.</string>
          </regexCodeList>
          <regexCodePropertyList>
            <integer>3</integer>
          </regexCodePropertyList>
        </Trigger>
        <Trigger isActive="yes" isFolder="no" isTempTrigger="no" isMultiline="no" isPerlSlashGOption="no" isColorizerTrigger="no" isFilterTrigger="no" isSoundTrigger="no" isColorTrigger="no" isColorTriggerFg="no" isColorTriggerBg="no">
          <name>phlegmatic humour</name>
          <script>svo.ph_diag("phlegmatichumour")</script>
          <triggerType>0</triggerType>
          <conditonLineDelta>0</conditonLineDelta>
          <mStayOpen>0</mStayOpen>
          <mCommand/>
          <packageName/>
          <mFgColor>#ff0000</mFgColor>
          <mBgColor>#ffff00</mBgColor>
          <mSoundFile/>
          <colorTriggerFgColor>#000000</colorTriggerFgColor>
          <colorTriggerBgColor>#000000</colorTriggerBgColor>
          <regexCodeList>
            <string>suffering from a tempered phlegmatic humour.</string>
          </regexCodeList>
          <regexCodePropertyList>
            <integer>3</integer>
          </regexCodePropertyList>
        </Trigger>
        <Trigger isActive="yes" isFolder="no" isTempTrigger="no" isMultiline="no" isPerlSlashGOption="no" isColorizerTrigger="no" isFilterTrigger="no" isSoundTrigger="no" isColorTrigger="no" isColorTriggerFg="no" isColorTriggerBg="no">
          <name>sanguine humour</name>
          <script>svo.ph_diag("sanguinehumour")</script>
          <triggerType>0</triggerType>
          <conditonLineDelta>0</conditonLineDelta>
          <mStayOpen>0</mStayOpen>
          <mCommand/>
          <packageName/>
          <mFgColor>#ff0000</mFgColor>
          <mBgColor>#ffff00</mBgColor>
          <mSoundFile/>
          <colorTriggerFgColor>#000000</colorTriggerFgColor>
          <colorTriggerBgColor>#000000</colorTriggerBgColor>
          <regexCodeList>
            <string>suffering from a tempered sanguine humour.</string>
          </regexCodeList>
          <regexCodePropertyList>
            <integer>3</integer>
          </regexCodePropertyList>
        </Trigger>
        <Trigger isActive="yes" isFolder="no" isTempTrigger="no" isMultiline="no" isPerlSlashGOption="no" isColorizerTrigger="no" isFilterTrigger="no" isSoundTrigger="no" isColorTrigger="no" isColorTriggerFg="no" isColorTriggerBg="no">
          <name>kai aura</name>
          <script>svo.ph_diag("kai aura")</script>
          <triggerType>0</triggerType>
          <conditonLineDelta>0</conditonLineDelta>
          <mStayOpen>0</mStayOpen>
          <mCommand/>
          <packageName/>
          <mFgColor>#ff0000</mFgColor>
          <mBgColor>#ffff00</mBgColor>
          <mSoundFile/>
          <colorTriggerFgColor>#000000</colorTriggerFgColor>
          <colorTriggerBgColor>#000000</colorTriggerBgColor>
          <regexCodeList>
            <string>surrounded in vestiges of kai energy.</string>
          </regexCodeList>
          <regexCodePropertyList>
            <integer>3</integer>
          </regexCodePropertyList>
        </Trigger>
        <Trigger isActive="yes" isFolder="no" isTempTrigger="no" isMultiline="no" isPerlSlashGOption="no" isColorizerTrigger="no" isFilterTrigger="no" isSoundTrigger="no" isColorTrigger="no" isColorTriggerFg="no" isColorTriggerBg="no">
          <name>Finished</name>
          <script>setTriggerStayOpen("Diagnose another", 0)</script>
          <triggerType>0</triggerType>
          <conditonLineDelta>0</conditonLineDelta>
          <mStayOpen>0</mStayOpen>
          <mCommand/>
          <packageName/>
          <mFgColor>#ff0000</mFgColor>
          <mBgColor>#ffff00</mBgColor>
          <mSoundFile/>
          <colorTriggerFgColor>#000000</colorTriggerFgColor>
          <colorTriggerBgColor>#000000</colorTriggerBgColor>
          <regexCodeList>
            <string>return isPrompt()</string>
          </regexCodeList>
          <regexCodePropertyList>
            <integer>4</integer>
          </regexCodePropertyList>
        </Trigger>
      </Trigger>
      <Trigger isActive="yes" isFolder="no" isTempTrigger="no" isMultiline="no" isPerlSlashGOption="no" isColorizerTrigger="no" isFilterTrigger="no" isSoundTrigger="no" isColorTrigger="no" isColorTriggerFg="no" isColorTriggerBg="no">
        <name>They're ok</name>
        <script>--disableTrigger("Diagnose another") disabled because it should time out. this allows for multi-person heals</script>
        <triggerType>0</triggerType>
        <conditonLineDelta>0</conditonLineDelta>
        <mStayOpen>0</mStayOpen>
        <mCommand/>
        <packageName/>
        <mFgColor>#ff0000</mFgColor>
        <mBgColor>#ffff00</mBgColor>
        <mSoundFile/>
        <colorTriggerFgColor>#000000</colorTriggerFgColor>
        <colorTriggerBgColor>#000000</colorTriggerBgColor>
        <regexCodeList>
          <string>^\w+ is in perfect health\.$</string>
        </regexCodeList>
        <regexCodePropertyList>
          <integer>1</integer>
        </regexCodePropertyList>
      </Trigger>
    </TriggerGroup>
  </TriggerPackage>
  <TimerPackage>
        </TimerPackage>
  <AliasPackage>
    <AliasGroup isActive="yes" isFolder="yes">
      <name>svo Priest Healing</name>
      <script/>
      <command/>
      <packageName/>
      <regex/>
      <Alias isActive="yes" isFolder="no">
        <name>Cure another</name>
        <script>enableTrigger("Diagnose another")
if svo.ph_timer then killTimer(svo.ph_timer) end
svo.ph_timer = tempTimer(5, [[disableTrigger'Diagnose another'; svo.ph_timer = nil]])

svo.diagnosing = {}
for w in string.gmatch(matches[2], "%a+") do
  local w = string.title(w)
  svo.diagnosing[w] = true -- keep track of whom are we healing, so we don't fall to illusions
  if svo.bals.balance and svo.bals.equilibrium then
    send("diag "..w)
  else
    if not table.contains(svo.me.dofreequeue, "diag "..w) then svo.me.dofreequeue[#svo.me.dofreequeue+1] = "diag "..w end
  end
end
if not (svo.bals.balance and svo.bals.equilibrium) then
  svo.echof("Queue'd diagnosing of %s", svo.oneconcat(svo.diagnosing))
end</script>
        <command/>
        <packageName/>
        <regex>^cre (.+)$</regex>
      </Alias>
      <Alias isActive="yes" isFolder="no">
        <name>Cure an enemy</name>
        <script>local p = matches[2] or target

if not p then svo.echof("Don't know who to cure, 'target' isn't set.") return end

for w in string.gmatch(p, "%a+") do
  sendAll(
  "heal "..w.." deaf",
  "heal "..w.." blind",
  "heal "..w.." insomnia",
  false)
end

raiseEvent("svo healed enemy", p)</script>
        <command/>
        <packageName/>
        <regex>^crc(?: (.+))?$</regex>
      </Alias>
    </AliasGroup>
  </AliasPackage>
  <ActionPackage>
        </ActionPackage>
  <ScriptPackage>
        </ScriptPackage>
  <KeyPackage>
        </KeyPackage>
</MudletPackage>
