<MudletPackage version="1.0">
  <TriggerPackage>
    <TriggerGroup isActive="yes" isFolder="yes" isTempTrigger="no" isMultiline="no" isPerlSlashGOption="no" isColorizerTrigger="no" isFilterTrigger="no" isSoundTrigger="no" isColorTrigger="no" isColorTriggerFg="no" isColorTriggerBg="no">
      <name>svo Corpse stuff</name>
      <script/>
      <triggerType>0</triggerType>
      <conditonLineDelta>0</conditonLineDelta>
      <mStayOpen>0</mStayOpen>
      <mCommand/>
      <packageName/>
      <mFgColor>#ff0000</mFgColor>
      <mBgColor>#ffff00</mBgColor>
      <mSoundFile/>
      <colorTriggerFgColor>#000000</colorTriggerFgColor>
      <colorTriggerBgColor>#000000</colorTriggerBgColor>
      <regexCodeList/>
      <regexCodePropertyList/>
      <TriggerGroup isActive="no" isFolder="yes" isTempTrigger="no" isMultiline="no" isPerlSlashGOption="no" isColorizerTrigger="no" isFilterTrigger="no" isSoundTrigger="no" isColorTrigger="no" isColorTriggerFg="no" isColorTriggerBg="no">
        <name>Corpse lists</name>
        <script/>
        <triggerType>0</triggerType>
        <conditonLineDelta>0</conditonLineDelta>
        <mStayOpen>0</mStayOpen>
        <mCommand/>
        <packageName/>
        <mFgColor>#ff0000</mFgColor>
        <mBgColor>#ffff00</mBgColor>
        <mSoundFile/>
        <colorTriggerFgColor>#000000</colorTriggerFgColor>
        <colorTriggerBgColor>#000000</colorTriggerBgColor>
        <regexCodeList/>
        <regexCodePropertyList/>
        <Trigger isActive="no" isFolder="no" isTempTrigger="no" isMultiline="no" isPerlSlashGOption="no" isColorizerTrigger="no" isFilterTrigger="no" isSoundTrigger="no" isColorTrigger="no" isColorTriggerFg="no" isColorTriggerBg="no">
          <name>corpse stuff inventory</name>
          <script/>
          <triggerType>0</triggerType>
          <conditonLineDelta>0</conditonLineDelta>
          <mStayOpen>250</mStayOpen>
          <mCommand/>
          <packageName/>
          <mFgColor>#ff0000</mFgColor>
          <mBgColor>#ffff00</mBgColor>
          <mSoundFile/>
          <colorTriggerFgColor>#000000</colorTriggerFgColor>
          <colorTriggerBgColor>#000000</colorTriggerBgColor>
          <regexCodeList>
            <string>You are holding:</string>
          </regexCodeList>
          <regexCodePropertyList>
            <integer>3</integer>
          </regexCodePropertyList>
          <Trigger isActive="yes" isFolder="no" isTempTrigger="no" isMultiline="no" isPerlSlashGOption="no" isColorizerTrigger="no" isFilterTrigger="no" isSoundTrigger="no" isColorTrigger="no" isColorTriggerFg="no" isColorTriggerBg="no">
            <name>A corpse</name>
            <script>if not svo.off_action then return end

if svo.off_action == "offer" then
  svo.doaddfree("offer "..matches[3])
elseif svo.off_action == "defile" then
  svo.doadd("offer "..matches[3].." to defile")
elseif svo.off_action == "sanctify" then
  svo.doadd("offer "..matches[3].." to sanctify")
else
  svo.doaddfree("give "..matches[3].." to "..svo.off_action)
end
    </script>
            <triggerType>0</triggerType>
            <conditonLineDelta>0</conditonLineDelta>
            <mStayOpen>0</mStayOpen>
            <mCommand/>
            <packageName/>
            <mFgColor>#ff0000</mFgColor>
            <mBgColor>#ffff00</mBgColor>
            <mSoundFile/>
            <colorTriggerFgColor>#000000</colorTriggerFgColor>
            <colorTriggerBgColor>#000000</colorTriggerBgColor>
            <regexCodeList>
              <string>^\s+([A-Za-z']+)(\d+)\s+the corpse of</string>
            </regexCodeList>
            <regexCodePropertyList>
              <integer>1</integer>
            </regexCodePropertyList>
          </Trigger>
          <Trigger isActive="yes" isFolder="no" isTempTrigger="no" isMultiline="no" isPerlSlashGOption="no" isColorizerTrigger="no" isFilterTrigger="no" isSoundTrigger="no" isColorTrigger="no" isColorTriggerFg="no" isColorTriggerBg="no">
            <name>corpse stuff inventory stop</name>
            <script>setTriggerStayOpen("corpse stuff inventory", 0)

disableTrigger("Corpse lists")
svo.off_action = nil</script>
            <triggerType>0</triggerType>
            <conditonLineDelta>0</conditonLineDelta>
            <mStayOpen>0</mStayOpen>
            <mCommand/>
            <packageName/>
            <mFgColor>#ff0000</mFgColor>
            <mBgColor>#ffff00</mBgColor>
            <mSoundFile/>
            <colorTriggerFgColor>#000000</colorTriggerFgColor>
            <colorTriggerBgColor>#000000</colorTriggerBgColor>
            <regexCodeList>
              <string>return isPrompt()</string>
            </regexCodeList>
            <regexCodePropertyList>
              <integer>4</integer>
            </regexCodePropertyList>
          </Trigger>
        </Trigger>
        <Trigger isActive="yes" isFolder="no" isTempTrigger="no" isMultiline="no" isPerlSlashGOption="no" isColorizerTrigger="no" isFilterTrigger="no" isSoundTrigger="no" isColorTrigger="no" isColorTriggerFg="no" isColorTriggerBg="no">
          <name>corpse stuff ground</name>
          <script>if not svo.off_action then return end

if svo.off_action == "get" then
  svo.doaddfree("get "..matches[3])
end</script>
          <triggerType>0</triggerType>
          <conditonLineDelta>0</conditonLineDelta>
          <mStayOpen>0</mStayOpen>
          <mCommand/>
          <packageName/>
          <mFgColor>#ff0000</mFgColor>
          <mBgColor>#ffff00</mBgColor>
          <mSoundFile/>
          <colorTriggerFgColor>#000000</colorTriggerFgColor>
          <colorTriggerBgColor>#000000</colorTriggerBgColor>
          <regexCodeList>
            <string>^([A-Za-z']+)(\d+)\s+the corpse of</string>
          </regexCodeList>
          <regexCodePropertyList>
            <integer>1</integer>
          </regexCodePropertyList>
        </Trigger>
        <Trigger isActive="yes" isFolder="no" isTempTrigger="no" isMultiline="no" isPerlSlashGOption="no" isColorizerTrigger="no" isFilterTrigger="no" isSoundTrigger="no" isColorTrigger="no" isColorTriggerFg="no" isColorTriggerBg="no">
          <name>corpse stuff ground stop</name>
          <script>setTriggerStayOpen("corpse stuff inventory", 0)

disableTrigger("Corpse lists")
svo.off_action = nil</script>
          <triggerType>0</triggerType>
          <conditonLineDelta>99</conditonLineDelta>
          <mStayOpen>0</mStayOpen>
          <mCommand/>
          <packageName/>
          <mFgColor>#ff0000</mFgColor>
          <mBgColor>#ffff00</mBgColor>
          <mSoundFile/>
          <colorTriggerFgColor>#000000</colorTriggerFgColor>
          <colorTriggerBgColor>#000000</colorTriggerBgColor>
          <regexCodeList>
            <string>Number of matching objects</string>
          </regexCodeList>
          <regexCodePropertyList>
            <integer>2</integer>
          </regexCodePropertyList>
        </Trigger>
      </TriggerGroup>
      <Trigger isActive="yes" isFolder="no" isTempTrigger="no" isMultiline="no" isPerlSlashGOption="no" isColorizerTrigger="no" isFilterTrigger="no" isSoundTrigger="no" isColorTrigger="no" isColorTriggerFg="no" isColorTriggerBg="no">
        <name>Shrine full/gone</name>
        <script>if svo.me.doqueue[1] and svo.me.doqueue[1]:find("^offer") then svo.undoall() end</script>
        <triggerType>0</triggerType>
        <conditonLineDelta>0</conditonLineDelta>
        <mStayOpen>0</mStayOpen>
        <mCommand/>
        <packageName/>
        <mFgColor>#ff0000</mFgColor>
        <mBgColor>#ffff00</mBgColor>
        <mSoundFile/>
        <colorTriggerFgColor>#000000</colorTriggerFgColor>
        <colorTriggerBgColor>#000000</colorTriggerBgColor>
        <regexCodeList>
          <string>That shrine is already as powerful as it is possible to get it. Further sanctifications are a waste.</string>
          <string>You may only offer at shrines.</string>
        </regexCodeList>
        <regexCodePropertyList>
          <integer>3</integer>
          <integer>3</integer>
        </regexCodePropertyList>
      </Trigger>
    </TriggerGroup>
  </TriggerPackage>
  <TimerPackage>
        </TimerPackage>
  <AliasPackage>
    <AliasGroup isActive="yes" isFolder="yes">
      <name>svo Corpse stuff</name>
      <script/>
      <command/>
      <packageName/>
      <regex/>
      <Alias isActive="yes" isFolder="no">
        <name>Stuff needs to happen.</name>
        <script>enableTrigger("Corpse lists")
svo.off_action = matches[3] or matches[2]

if svo.off_action ~= "get" or svo.off_action == "offer" then
  sendGMCP("Char.Items.Inv")
  send("\n")
else
  sendAll("config pagelength 250", "ih corpse", "config pagelength "..(svo.conf.pagelength &gt; 0 and svo.conf.pagelength or 20))
end</script>
        <command/>
        <packageName/>
        <regex>^v(offer|get|defile|sanctify|give) ?(\w+)?$</regex>
      </Alias>
    </AliasGroup>
  </AliasPackage>
  <ActionPackage>
        </ActionPackage>
  <ScriptPackage>
    <ScriptGroup isActive="yes" isFolder="yes">
      <name>svo Corpse stuff</name>
      <packageName/>
      <script>-------------------------------------------------
--         Put your Lua functions here.        --
--                                             --
-- Note that you can also use external Scripts --
-------------------------------------------------
</script>
      <eventHandlerList/>
      <Script isActive="yes" isFolder="no">
        <name>svo_corpse_stuff</name>
        <packageName/>
        <script>function svo_corpse_stuff()
  if not svo.off_action or gmcp.Char.Items.List.location ~= "inv" then return end

  local t = gmcp.Char.Items.List.items
  local havekris, haveselfish

  if svo.defkeepup[svo.defs.mode].selfishness then
    svo.defs.keepup("selfishness", false)
    haveselfish = true
  end

  if svo.off_action == "offer" then
    -- see if we got a kris, if we need it
    for _, item in pairs(t) do
      if item.name and item.name == "a sacrificial kris" then
        svo.doaddfree("unwield right$wield kris")
        havekris = true
        break
      end
    end

    -- now do business
    svo.doaddfree("offer corpses")
  else

    for _, item in pairs(t) do
      if item.name and string.find(item.name, "the corpse of", 1, true) then
        if svo.off_action == "defile" then
          svo.doadd("offer "..item.id.." to defile")
        elseif svo.off_action == "sanctify" then
          svo.doadd("offer "..item.id.." to sanctify")
        else
          svo.doaddfree("give "..item.id.." to "..svo.off_action)
        end
      end
    end
  end

  if havekris then
    svo.doaddfree("unwield kris")
  end

  if haveselfish then
    svo.doadd("vkeep selfishness on")
  end

  svo.off_action = nil
  deleteLine()
end
</script>
        <eventHandlerList>
          <string>gmcp.Char.Items.List</string>
        </eventHandlerList>
      </Script>
    </ScriptGroup>
  </ScriptPackage>
  <KeyPackage>
        </KeyPackage>
</MudletPackage>
