<?xml version="1.0" encoding="UTF-8"?>
<!DOCTYPE MudletPackage>
<MudletPackage version="1.0">
    <TriggerPackage>
        <Trigger isActive="yes" isFolder="no" isTempTrigger="no" isMultiline="yes" isPerlSlashGOption="no" isColorizerTrigger="no" isFilterTrigger="no" isSoundTrigger="no" isColorTrigger="no" isColorTriggerFg="no" isColorTriggerBg="no">
            <name>Shatter disable rebounding for 6s</name>
            <script>svo.defs.keepup(&quot;rebounding&quot;, false, nil, true) -- disable rebounding in the current mode, and show us an echo

tempTimer(6, [[svo.defs.keepup(&quot;rebounding&quot;, true, nil, true)]])</script>
            <triggerType>0</triggerType>
            <conditonLineDelta>0</conditonLineDelta>
            <mStayOpen>0</mStayOpen>
            <mCommand></mCommand>
            <packageName></packageName>
            <mFgColor>#ff0000</mFgColor>
            <mBgColor>#ffff00</mBgColor>
            <mSoundFile></mSoundFile>
            <colorTriggerFgColor>#000000</colorTriggerFgColor>
            <colorTriggerBgColor>#000000</colorTriggerBgColor>
            <regexCodeList>
                <string>You slowly pull back</string>
                <string>^You slowly pull back .+, readying yourself for a devastating strike\.$</string>
            </regexCodeList>
            <regexCodePropertyList>
                <integer>2</integer>
                <integer>1</integer>
            </regexCodePropertyList>
        </Trigger>
    </TriggerPackage>
</MudletPackage>
